Название кампании	Название группы	Фраза (с минус-словами)	Заголовок	Заголовок 2	Текст	Ссылка	Отображаемая ссылка	Регионы показа	Минус-фразы на группу	Заголовки быстрых ссылок	Описания быстрых ссылок	Адреса быстрых ссылок	Уточнения
SS | Поиск | Взрослые | Петергоф	Английский | взрослые	курсы английского языка	Курсы английского в Петергофе	Первый урок бесплатно	70% урока — разговорная практика. Уровни A1–C2. Первый урок бесплатно.	https://smartsay.ru/courses?language=english&utm_source=yandex&utm_medium=cpc&utm_campaign={campaign_name}&utm_content={ad_id}_{gbid}_{device_type}&utm_term={keyword}&yclid={yclid}	kursy-angliyskogo	Петергоф, Ломоносов, Стрельна, Красное Село, Санкт-Петербург	репетитор, индивидуальн	Бесплатный пробный урок | Цены и абонементы | Языки и уровни | Как нас найти | Английский детям | Дошкольный центр 3–6 лет | Онлайн-школа | Преподаватели	Определим уровень и подберём программу | Группа от 6 200 ₽/мес, индивидуально — 2 000 ₽ | Английский, китайский, испанский, немецкий: A1–C2 | Петергоф, Чичеринская, 2 — 5 минут от станции | Игровые занятия и подготовка к ОГЭ и ЕГЭ | Языки, творчество и подготовка к школе | Занятия по Zoom из любой точки мира, записи уроков | Педагоги с профильным образованием и носители языка	https://smartsay.ru/courses | https://smartsay.ru/courses | https://smartsay.ru/courses | https://smartsay.ru/contacts | https://smartsay.ru/courses?category=kids | https://smartsay.ru/preschool | https://smartsay.ru/online-school | https://smartsay.ru/teachers	Первый урок бесплатно | Группы до 6 человек | Лицензия на обучение | Очно в Петергофе и онлайн | Работаем с 2018 года | Уровни A1–C2 | Гибкое расписание | Носители языка | Сертификат по итогам | Записи всех уроков
		курсы английского	Английский для взрослых с нуля	Группы до 6 человек	Абонемент от 6 200 ₽/мес. Утро, день, вечер. Очно в Петергофе и онлайн.	https://smartsay.ru/courses?language=english&utm_source=yandex&utm_medium=cpc&utm_campaign={campaign_name}&utm_content={ad_id}_{gbid}_{device_type}&utm_term={keyword}&yclid={yclid}	kursy-angliyskogo			Бесплатный пробный урок | Цены и абонементы | Языки и уровни | Как нас найти | Английский детям | Дошкольный центр 3–6 лет | Онлайн-школа | Преподаватели	Определим уровень и подберём программу | Группа от 6 200 ₽/мес, индивидуально — 2 000 ₽ | Английский, китайский, испанский, немецкий: A1–C2 | Петергоф, Чичеринская, 2 — 5 минут от станции | Игровые занятия и подготовка к ОГЭ и ЕГЭ | Языки, творчество и подготовка к школе | Занятия по Zoom из любой точки мира, записи уроков | Педагоги с профильным образованием и носители языка	https://smartsay.ru/courses | https://smartsay.ru/courses | https://smartsay.ru/courses | https://smartsay.ru/contacts | https://smartsay.ru/courses?category=kids | https://smartsay.ru/preschool | https://smartsay.ru/online-school | https://smartsay.ru/teachers	Первый урок бесплатно | Группы до 6 человек | Лицензия на обучение | Очно в Петергофе и онлайн | Работаем с 2018 года | Уровни A1–C2 | Гибкое расписание | Носители языка | Сертификат по итогам | Записи всех уроков
		английский язык курсы	Английский рядом: Петергоф, Чичеринская 2	Первый урок бесплатно	Лицензированная школа, педагоги с профильным образованием. Запишитесь.	https://smartsay.ru/courses?language=english&utm_source=yandex&utm_medium=cpc&utm_campaign={campaign_name}&utm_content={ad_id}_{gbid}_{device_type}&utm_term={keyword}&yclid={yclid}	kursy-angliyskogo			Бесплатный пробный урок | Цены и абонементы | Языки и уровни | Как нас найти | Английский детям | Дошкольный центр 3–6 лет | Онлайн-школа | Преподаватели	Определим уровень и подберём программу | Группа от 6 200 ₽/мес, индивидуально — 2 000 ₽ | Английский, китайский, испанский, немецкий: A1–C2 | Петергоф, Чичеринская, 2 — 5 минут от станции | Игровые занятия и подготовка к ОГЭ и ЕГЭ | Языки, творчество и подготовка к школе | Занятия по Zoom из любой точки мира, записи уроков | Педагоги с профильным образованием и носители языка	https://smartsay.ru/courses | https://smartsay.ru/courses | https://smartsay.ru/courses | https://smartsay.ru/contacts | https://smartsay.ru/courses?category=kids | https://smartsay.ru/preschool | https://smartsay.ru/online-school | https://smartsay.ru/teachers	Первый урок бесплатно | Группы до 6 человек | Лицензия на обучение | Очно в Петергофе и онлайн | Работаем с 2018 года | Уровни A1–C2 | Гибкое расписание | Носители языка | Сертификат по итогам | Записи всех уроков
		школа английского языка											
		курсы английского для взрослых											
		английский для взрослых											
		разговорный английский курсы											
		английский с нуля курсы											
		английский язык обучение											
		курсы английского петергоф											
		английский язык петергоф											
		курсы английского ломоносов											
		английский стрельна											
		курсы английского языка спб											
		курсы английского рядом											
		английский в мини группе											
		групповые занятия английским											
		интенсив английского языка											
		английский язык уровень a1											
		английский язык уровень b1											
SS | Поиск | Взрослые | Петергоф	Китайский | взрослые	курсы китайского языка	Курсы китайского в Петергофе	Первый урок бесплатно	Разберём иероглифы, поставим тоны, доведём до HSK — даже если вы с нуля.	https://smartsay.ru/courses?language=chinese&utm_source=yandex&utm_medium=cpc&utm_campaign={campaign_name}&utm_content={ad_id}_{gbid}_{device_type}&utm_term={keyword}&yclid={yclid}	kursy-kitayskogo	Петергоф, Ломоносов, Стрельна, Красное Село, Санкт-Петербург	репетитор	Бесплатный пробный урок | Цены и абонементы | Языки и уровни | Как нас найти | Английский детям | Дошкольный центр 3–6 лет | Онлайн-школа | Преподаватели	Определим уровень и подберём программу | Группа от 6 200 ₽/мес, индивидуально — 2 000 ₽ | Английский, китайский, испанский, немецкий: A1–C2 | Петергоф, Чичеринская, 2 — 5 минут от станции | Игровые занятия и подготовка к ОГЭ и ЕГЭ | Языки, творчество и подготовка к школе | Занятия по Zoom из любой точки мира, записи уроков | Педагоги с профильным образованием и носители языка	https://smartsay.ru/courses | https://smartsay.ru/courses | https://smartsay.ru/courses | https://smartsay.ru/contacts | https://smartsay.ru/courses?category=kids | https://smartsay.ru/preschool | https://smartsay.ru/online-school | https://smartsay.ru/teachers	Первый урок бесплатно | Группы до 6 человек | Лицензия на обучение | Очно в Петергофе и онлайн | Работаем с 2018 года | Уровни A1–C2 | Гибкое расписание | Носители языка | Сертификат по итогам | Записи всех уроков
		китайский язык курсы	Китайский с нуля до HSK	Готовим к HSK	Абонемент от 6 200 ₽/мес. Очно в Петергофе или онлайн по Zoom.	https://smartsay.ru/courses?language=chinese&utm_source=yandex&utm_medium=cpc&utm_campaign={campaign_name}&utm_content={ad_id}_{gbid}_{device_type}&utm_term={keyword}&yclid={yclid}	kursy-kitayskogo			Бесплатный пробный урок | Цены и абонементы | Языки и уровни | Как нас найти | Английский детям | Дошкольный центр 3–6 лет | Онлайн-школа | Преподаватели	Определим уровень и подберём программу | Группа от 6 200 ₽/мес, индивидуально — 2 000 ₽ | Английский, китайский, испанский, немецкий: A1–C2 | Петергоф, Чичеринская, 2 — 5 минут от станции | Игровые занятия и подготовка к ОГЭ и ЕГЭ | Языки, творчество и подготовка к школе | Занятия по Zoom из любой точки мира, записи уроков | Педагоги с профильным образованием и носители языка	https://smartsay.ru/courses | https://smartsay.ru/courses | https://smartsay.ru/courses | https://smartsay.ru/contacts | https://smartsay.ru/courses?category=kids | https://smartsay.ru/preschool | https://smartsay.ru/online-school | https://smartsay.ru/teachers	Первый урок бесплатно | Группы до 6 человек | Лицензия на обучение | Очно в Петергофе и онлайн | Работаем с 2018 года | Уровни A1–C2 | Гибкое расписание | Носители языка | Сертификат по итогам | Записи всех уроков
		школа китайского языка	Китайский язык: тоны и иероглифы с нуля	Первый урок бесплатно	Преподаватели с опытом работы с языком. Первый урок в группе — 0 ₽.	https://smartsay.ru/courses?language=chinese&utm_source=yandex&utm_medium=cpc&utm_campaign={campaign_name}&utm_content={ad_id}_{gbid}_{device_type}&utm_term={keyword}&yclid={yclid}	kursy-kitayskogo			Бесплатный пробный урок | Цены и абонементы | Языки и уровни | Как нас найти | Английский детям | Дошкольный центр 3–6 лет | Онлайн-школа | Преподаватели	Определим уровень и подберём программу | Группа от 6 200 ₽/мес, индивидуально — 2 000 ₽ | Английский, китайский, испанский, немецкий: A1–C2 | Петергоф, Чичеринская, 2 — 5 минут от станции | Игровые занятия и подготовка к ОГЭ и ЕГЭ | Языки, творчество и подготовка к школе | Занятия по Zoom из любой точки мира, записи уроков | Педагоги с профильным образованием и носители языка	https://smartsay.ru/courses | https://smartsay.ru/courses | https://smartsay.ru/courses | https://smartsay.ru/contacts | https://smartsay.ru/courses?category=kids | https://smartsay.ru/preschool | https://smartsay.ru/online-school | https://smartsay.ru/teachers	Первый урок бесплатно | Группы до 6 человек | Лицензия на обучение | Очно в Петергофе и онлайн | Работаем с 2018 года | Уровни A1–C2 | Гибкое расписание | Носители языка | Сертификат по итогам | Записи всех уроков
		китайский с нуля											
		курсы китайского спб											
		китайский язык обучение											
		изучение китайского языка											
		китайский для начинающих											
		курсы китайского петергоф											
		китайский язык для взрослых											
		разговорный китайский курсы											
SS | Поиск | Взрослые | Петергоф	Испанский | взрослые	курсы испанского языка	Курсы испанского в Петергофе	Первый урок бесплатно	Третий по популярности язык мира и один из самых простых. Готовим к DELE.	https://smartsay.ru/courses?language=spanish&utm_source=yandex&utm_medium=cpc&utm_campaign={campaign_name}&utm_content={ad_id}_{gbid}_{device_type}&utm_term={keyword}&yclid={yclid}	kursy-ispanskogo	Петергоф, Ломоносов, Стрельна, Красное Село, Санкт-Петербург	репетитор	Бесплатный пробный урок | Цены и абонементы | Языки и уровни | Как нас найти | Английский детям | Дошкольный центр 3–6 лет | Онлайн-школа | Преподаватели	Определим уровень и подберём программу | Группа от 6 200 ₽/мес, индивидуально — 2 000 ₽ | Английский, китайский, испанский, немецкий: A1–C2 | Петергоф, Чичеринская, 2 — 5 минут от станции | Игровые занятия и подготовка к ОГЭ и ЕГЭ | Языки, творчество и подготовка к школе | Занятия по Zoom из любой точки мира, записи уроков | Педагоги с профильным образованием и носители языка	https://smartsay.ru/courses | https://smartsay.ru/courses | https://smartsay.ru/courses | https://smartsay.ru/contacts | https://smartsay.ru/courses?category=kids | https://smartsay.ru/preschool | https://smartsay.ru/online-school | https://smartsay.ru/teachers	Первый урок бесплатно | Группы до 6 человек | Лицензия на обучение | Очно в Петергофе и онлайн | Работаем с 2018 года | Уровни A1–C2 | Гибкое расписание | Носители языка | Сертификат по итогам | Записи всех уроков
		испанский язык курсы	Испанский с нуля — результат за 2 месяца	Готовим к DELE	Абонемент от 6 200 ₽/мес, группы до 6 человек. Очно и онлайн.	https://smartsay.ru/courses?language=spanish&utm_source=yandex&utm_medium=cpc&utm_campaign={campaign_name}&utm_content={ad_id}_{gbid}_{device_type}&utm_term={keyword}&yclid={yclid}	kursy-ispanskogo			Бесплатный пробный урок | Цены и абонементы | Языки и уровни | Как нас найти | Английский детям | Дошкольный центр 3–6 лет | Онлайн-школа | Преподаватели	Определим уровень и подберём программу | Группа от 6 200 ₽/мес, индивидуально — 2 000 ₽ | Английский, китайский, испанский, немецкий: A1–C2 | Петергоф, Чичеринская, 2 — 5 минут от станции | Игровые занятия и подготовка к ОГЭ и ЕГЭ | Языки, творчество и подготовка к школе | Занятия по Zoom из любой точки мира, записи уроков | Педагоги с профильным образованием и носители языка	https://smartsay.ru/courses | https://smartsay.ru/courses | https://smartsay.ru/courses | https://smartsay.ru/contacts | https://smartsay.ru/courses?category=kids | https://smartsay.ru/preschool | https://smartsay.ru/online-school | https://smartsay.ru/teachers	Первый урок бесплатно | Группы до 6 человек | Лицензия на обучение | Очно в Петергофе и онлайн | Работаем с 2018 года | Уровни A1–C2 | Гибкое расписание | Носители языка | Сертификат по итогам | Записи всех уроков
		школа испанского языка	Испанский язык: разговорный курс	Первый урок бесплатно	Сериалы без субтитров и песни со смыслом. Первый урок — бесплатно.	https://smartsay.ru/courses?language=spanish&utm_source=yandex&utm_medium=cpc&utm_campaign={campaign_name}&utm_content={ad_id}_{gbid}_{device_type}&utm_term={keyword}&yclid={yclid}	kursy-ispanskogo			Бесплатный пробный урок | Цены и абонементы | Языки и уровни | Как нас найти | Английский детям | Дошкольный центр 3–6 лет | Онлайн-школа | Преподаватели	Определим уровень и подберём программу | Группа от 6 200 ₽/мес, индивидуально — 2 000 ₽ | Английский, китайский, испанский, немецкий: A1–C2 | Петергоф, Чичеринская, 2 — 5 минут от станции | Игровые занятия и подготовка к ОГЭ и ЕГЭ | Языки, творчество и подготовка к школе | Занятия по Zoom из любой точки мира, записи уроков | Педагоги с профильным образованием и носители языка	https://smartsay.ru/courses | https://smartsay.ru/courses | https://smartsay.ru/courses | https://smartsay.ru/contacts | https://smartsay.ru/courses?category=kids | https://smartsay.ru/preschool | https://smartsay.ru/online-school | https://smartsay.ru/teachers	Первый урок бесплатно | Группы до 6 человек | Лицензия на обучение | Очно в Петергофе и онлайн | Работаем с 2018 года | Уровни A1–C2 | Гибкое расписание | Носители языка | Сертификат по итогам | Записи всех уроков
		испанский с нуля											
		курсы испанского спб											
		испанский для начинающих											
		испанский язык обучение											
		изучение испанского языка											
		разговорный испанский курсы											
		испанский для путешествий											
SS | Поиск | Взрослые | Петергоф	Немецкий | взрослые	курсы немецкого языка	Курсы немецкого в Петергофе	Первый урок бесплатно	Язык, который ценят работодатели и вузы Европы. Готовим к Goethe-Zertifikat.	https://smartsay.ru/courses?language=german&utm_source=yandex&utm_medium=cpc&utm_campaign={campaign_name}&utm_content={ad_id}_{gbid}_{device_type}&utm_term={keyword}&yclid={yclid}	kursy-nemeckogo	Петергоф, Ломоносов, Стрельна, Красное Село, Санкт-Петербург	репетитор	Бесплатный пробный урок | Цены и абонементы | Языки и уровни | Как нас найти | Английский детям | Дошкольный центр 3–6 лет | Онлайн-школа | Преподаватели	Определим уровень и подберём программу | Группа от 6 200 ₽/мес, индивидуально — 2 000 ₽ | Английский, китайский, испанский, немецкий: A1–C2 | Петергоф, Чичеринская, 2 — 5 минут от станции | Игровые занятия и подготовка к ОГЭ и ЕГЭ | Языки, творчество и подготовка к школе | Занятия по Zoom из любой точки мира, записи уроков | Педагоги с профильным образованием и носители языка	https://smartsay.ru/courses | https://smartsay.ru/courses | https://smartsay.ru/courses | https://smartsay.ru/contacts | https://smartsay.ru/courses?category=kids | https://smartsay.ru/preschool | https://smartsay.ru/online-school | https://smartsay.ru/teachers	Первый урок бесплатно | Группы до 6 человек | Лицензия на обучение | Очно в Петергофе и онлайн | Работаем с 2018 года | Уровни A1–C2 | Гибкое расписание | Носители языка | Сертификат по итогам | Записи всех уроков
		немецкий язык курсы	Немецкий с нуля: логика вместо зубрёжки	Готовим к Goethe	Поймёте логику языка, а не будете заучивать таблицы. Уровни A1–C2.	https://smartsay.ru/courses?language=german&utm_source=yandex&utm_medium=cpc&utm_campaign={campaign_name}&utm_content={ad_id}_{gbid}_{device_type}&utm_term={keyword}&yclid={yclid}	kursy-nemeckogo			Бесплатный пробный урок | Цены и абонементы | Языки и уровни | Как нас найти | Английский детям | Дошкольный центр 3–6 лет | Онлайн-школа | Преподаватели	Определим уровень и подберём программу | Группа от 6 200 ₽/мес, индивидуально — 2 000 ₽ | Английский, китайский, испанский, немецкий: A1–C2 | Петергоф, Чичеринская, 2 — 5 минут от станции | Игровые занятия и подготовка к ОГЭ и ЕГЭ | Языки, творчество и подготовка к школе | Занятия по Zoom из любой точки мира, записи уроков | Педагоги с профильным образованием и носители языка	https://smartsay.ru/courses | https://smartsay.ru/courses | https://smartsay.ru/courses | https://smartsay.ru/contacts | https://smartsay.ru/courses?category=kids | https://smartsay.ru/preschool | https://smartsay.ru/online-school | https://smartsay.ru/teachers	Первый урок бесплатно | Группы до 6 человек | Лицензия на обучение | Очно в Петергофе и онлайн | Работаем с 2018 года | Уровни A1–C2 | Гибкое расписание | Носители языка | Сертификат по итогам | Записи всех уроков
		школа немецкого языка	Немецкий язык для работы и учёбы	Первый урок бесплатно	Абонемент от 6 200 ₽/мес. Очно в Петергофе или онлайн. Пробный — 0 ₽.	https://smartsay.ru/courses?language=german&utm_source=yandex&utm_medium=cpc&utm_campaign={campaign_name}&utm_content={ad_id}_{gbid}_{device_type}&utm_term={keyword}&yclid={yclid}	kursy-nemeckogo			Бесплатный пробный урок | Цены и абонементы | Языки и уровни | Как нас найти | Английский детям | Дошкольный центр 3–6 лет | Онлайн-школа | Преподаватели	Определим уровень и подберём программу | Группа от 6 200 ₽/мес, индивидуально — 2 000 ₽ | Английский, китайский, испанский, немецкий: A1–C2 | Петергоф, Чичеринская, 2 — 5 минут от станции | Игровые занятия и подготовка к ОГЭ и ЕГЭ | Языки, творчество и подготовка к школе | Занятия по Zoom из любой точки мира, записи уроков | Педагоги с профильным образованием и носители языка	https://smartsay.ru/courses | https://smartsay.ru/courses | https://smartsay.ru/courses | https://smartsay.ru/contacts | https://smartsay.ru/courses?category=kids | https://smartsay.ru/preschool | https://smartsay.ru/online-school | https://smartsay.ru/teachers	Первый урок бесплатно | Группы до 6 человек | Лицензия на обучение | Очно в Петергофе и онлайн | Работаем с 2018 года | Уровни A1–C2 | Гибкое расписание | Носители языка | Сертификат по итогам | Записи всех уроков
		немецкий с нуля											
		курсы немецкого спб											
		немецкий для начинающих											
		немецкий язык обучение											
		изучение немецкого языка											
		разговорный немецкий курсы											
		немецкий для работы											
SS | Поиск | Взрослые | Петергоф	Языковая школа | общий спрос	языковая школа	Языковая школа в Петергофе	Первый урок бесплатно	4 языка, уровни A1–C2, группы до 6 человек. Первый урок — бесплатно.	https://smartsay.ru/courses?utm_source=yandex&utm_medium=cpc&utm_campaign={campaign_name}&utm_content={ad_id}_{gbid}_{device_type}&utm_term={keyword}&yclid={yclid}	yazykovaya-shkola	Петергоф, Ломоносов, Стрельна, Красное Село, Санкт-Петербург	репетитор	Бесплатный пробный урок | Цены и абонементы | Языки и уровни | Как нас найти | Английский детям | Дошкольный центр 3–6 лет | Онлайн-школа | Преподаватели	Определим уровень и подберём программу | Группа от 6 200 ₽/мес, индивидуально — 2 000 ₽ | Английский, китайский, испанский, немецкий: A1–C2 | Петергоф, Чичеринская, 2 — 5 минут от станции | Игровые занятия и подготовка к ОГЭ и ЕГЭ | Языки, творчество и подготовка к школе | Занятия по Zoom из любой точки мира, записи уроков | Педагоги с профильным образованием и носители языка	https://smartsay.ru/courses | https://smartsay.ru/courses | https://smartsay.ru/courses | https://smartsay.ru/contacts | https://smartsay.ru/courses?category=kids | https://smartsay.ru/preschool | https://smartsay.ru/online-school | https://smartsay.ru/teachers	Первый урок бесплатно | Группы до 6 человек | Лицензия на обучение | Очно в Петергофе и онлайн | Работаем с 2018 года | Уровни A1–C2 | Гибкое расписание | Носители языка | Сертификат по итогам | Записи всех уроков
		языковая школа спб	Курсы иностранных языков рядом с домом	Очно и онлайн	Работаем с 2018 года, лицензия на образовательную деятельность.	https://smartsay.ru/courses?utm_source=yandex&utm_medium=cpc&utm_campaign={campaign_name}&utm_content={ad_id}_{gbid}_{device_type}&utm_term={keyword}&yclid={yclid}	yazykovaya-shkola			Бесплатный пробный урок | Цены и абонементы | Языки и уровни | Как нас найти | Английский детям | Дошкольный центр 3–6 лет | Онлайн-школа | Преподаватели	Определим уровень и подберём программу | Группа от 6 200 ₽/мес, индивидуально — 2 000 ₽ | Английский, китайский, испанский, немецкий: A1–C2 | Петергоф, Чичеринская, 2 — 5 минут от станции | Игровые занятия и подготовка к ОГЭ и ЕГЭ | Языки, творчество и подготовка к школе | Занятия по Zoom из любой точки мира, записи уроков | Педагоги с профильным образованием и носители языка	https://smartsay.ru/courses | https://smartsay.ru/courses | https://smartsay.ru/courses | https://smartsay.ru/contacts | https://smartsay.ru/courses?category=kids | https://smartsay.ru/preschool | https://smartsay.ru/online-school | https://smartsay.ru/teachers	Первый урок бесплатно | Группы до 6 человек | Лицензия на обучение | Очно в Петергофе и онлайн | Работаем с 2018 года | Уровни A1–C2 | Гибкое расписание | Носители языка | Сертификат по итогам | Записи всех уроков
		языковая школа петергоф	Английский, китайский, испанский, немецкий	Первый урок бесплатно	Петергоф, Чичеринская 2 — 5 минут от станции Новый Петергоф.	https://smartsay.ru/courses?utm_source=yandex&utm_medium=cpc&utm_campaign={campaign_name}&utm_content={ad_id}_{gbid}_{device_type}&utm_term={keyword}&yclid={yclid}	yazykovaya-shkola			Бесплатный пробный урок | Цены и абонементы | Языки и уровни | Как нас найти | Английский детям | Дошкольный центр 3–6 лет | Онлайн-школа | Преподаватели	Определим уровень и подберём программу | Группа от 6 200 ₽/мес, индивидуально — 2 000 ₽ | Английский, китайский, испанский, немецкий: A1–C2 | Петергоф, Чичеринская, 2 — 5 минут от станции | Игровые занятия и подготовка к ОГЭ и ЕГЭ | Языки, творчество и подготовка к школе | Занятия по Zoom из любой точки мира, записи уроков | Педагоги с профильным образованием и носители языка	https://smartsay.ru/courses | https://smartsay.ru/courses | https://smartsay.ru/courses | https://smartsay.ru/contacts | https://smartsay.ru/courses?category=kids | https://smartsay.ru/preschool | https://smartsay.ru/online-school | https://smartsay.ru/teachers	Первый урок бесплатно | Группы до 6 человек | Лицензия на обучение | Очно в Петергофе и онлайн | Работаем с 2018 года | Уровни A1–C2 | Гибкое расписание | Носители языка | Сертификат по итогам | Записи всех уроков
		курсы иностранных языков											
		школа иностранных языков											
		курсы иностранных языков спб											
		курсы иностранных языков петергоф											
		языковые курсы											
		языковой центр											
		изучение иностранных языков											
		языковые курсы рядом											
SS | Поиск | Взрослые | Петергоф	Индивидуально и репетитор	репетитор английского языка	Индивидуальные занятия языком в Петергофе	100% внимания педагога	Индивидуальная программа под ваш уровень, цели и темп. 2 000 ₽ за занятие.	https://smartsay.ru/courses?utm_source=yandex&utm_medium=cpc&utm_campaign={campaign_name}&utm_content={ad_id}_{gbid}_{device_type}&utm_term={keyword}&yclid={yclid}	individualno	Петергоф, Ломоносов, Стрельна, Красное Село, Санкт-Петербург		Бесплатный пробный урок | Цены и абонементы | Языки и уровни | Как нас найти | Английский детям | Дошкольный центр 3–6 лет | Онлайн-школа | Преподаватели	Определим уровень и подберём программу | Группа от 6 200 ₽/мес, индивидуально — 2 000 ₽ | Английский, китайский, испанский, немецкий: A1–C2 | Петергоф, Чичеринская, 2 — 5 минут от станции | Игровые занятия и подготовка к ОГЭ и ЕГЭ | Языки, творчество и подготовка к школе | Занятия по Zoom из любой точки мира, записи уроков | Педагоги с профильным образованием и носители языка	https://smartsay.ru/courses | https://smartsay.ru/courses | https://smartsay.ru/courses | https://smartsay.ru/contacts | https://smartsay.ru/courses?category=kids | https://smartsay.ru/preschool | https://smartsay.ru/online-school | https://smartsay.ru/teachers	Первый урок бесплатно | Группы до 6 человек | Лицензия на обучение | Очно в Петергофе и онлайн | Работаем с 2018 года | Уровни A1–C2 | Гибкое расписание | Носители языка | Сертификат по итогам | Записи всех уроков
		репетитор английского петергоф	Репетитор английского в Петергофе	Гибкое расписание	Занимайтесь утром, днём или вечером — подстроим расписание под вас.	https://smartsay.ru/courses?utm_source=yandex&utm_medium=cpc&utm_campaign={campaign_name}&utm_content={ad_id}_{gbid}_{device_type}&utm_term={keyword}&yclid={yclid}	individualno			Бесплатный пробный урок | Цены и абонементы | Языки и уровни | Как нас найти | Английский детям | Дошкольный центр 3–6 лет | Онлайн-школа | Преподаватели	Определим уровень и подберём программу | Группа от 6 200 ₽/мес, индивидуально — 2 000 ₽ | Английский, китайский, испанский, немецкий: A1–C2 | Петергоф, Чичеринская, 2 — 5 минут от станции | Игровые занятия и подготовка к ОГЭ и ЕГЭ | Языки, творчество и подготовка к школе | Занятия по Zoom из любой точки мира, записи уроков | Педагоги с профильным образованием и носители языка	https://smartsay.ru/courses | https://smartsay.ru/courses | https://smartsay.ru/courses | https://smartsay.ru/contacts | https://smartsay.ru/courses?category=kids | https://smartsay.ru/preschool | https://smartsay.ru/online-school | https://smartsay.ru/teachers	Первый урок бесплатно | Группы до 6 человек | Лицензия на обучение | Очно в Петергофе и онлайн | Работаем с 2018 года | Уровни A1–C2 | Гибкое расписание | Носители языка | Сертификат по итогам | Записи всех уроков
		репетитор по английскому	One-2-one занятия — 2 000 ₽ за урок	100% внимания педагога	Педагоги с профильным образованием. Очно в Петергофе или онлайн.	https://smartsay.ru/courses?utm_source=yandex&utm_medium=cpc&utm_campaign={campaign_name}&utm_content={ad_id}_{gbid}_{device_type}&utm_term={keyword}&yclid={yclid}	individualno			Бесплатный пробный урок | Цены и абонементы | Языки и уровни | Как нас найти | Английский детям | Дошкольный центр 3–6 лет | Онлайн-школа | Преподаватели	Определим уровень и подберём программу | Группа от 6 200 ₽/мес, индивидуально — 2 000 ₽ | Английский, китайский, испанский, немецкий: A1–C2 | Петергоф, Чичеринская, 2 — 5 минут от станции | Игровые занятия и подготовка к ОГЭ и ЕГЭ | Языки, творчество и подготовка к школе | Занятия по Zoom из любой точки мира, записи уроков | Педагоги с профильным образованием и носители языка	https://smartsay.ru/courses | https://smartsay.ru/courses | https://smartsay.ru/courses | https://smartsay.ru/contacts | https://smartsay.ru/courses?category=kids | https://smartsay.ru/preschool | https://smartsay.ru/online-school | https://smartsay.ru/teachers	Первый урок бесплатно | Группы до 6 человек | Лицензия на обучение | Очно в Петергофе и онлайн | Работаем с 2018 года | Уровни A1–C2 | Гибкое расписание | Носители языка | Сертификат по итогам | Записи всех уроков
		репетитор немецкого языка											
		репетитор испанского языка											
		репетитор китайского языка											
		индивидуальные занятия английским											
		индивидуальные уроки английского											
		английский индивидуально											
		преподаватель английского индивидуально											
SS | Поиск | Дети и школьники | Петергоф	Английский | дети 7–12	английский для детей	Английский для детей в Петергофе	Первый урок бесплатно	Учим говорить с первого занятия, не боясь ошибок. Группы до 6 человек.	https://smartsay.ru/courses?category=kids&utm_source=yandex&utm_medium=cpc&utm_campaign={campaign_name}&utm_content={ad_id}_{gbid}_{device_type}&utm_term={keyword}&yclid={yclid}	angliyskiy-detyam	Петергоф, Ломоносов, Стрельна, Красное Село, Санкт-Петербург	подростк, дошкольн, малыш, 3 года, 4 года, 5 лет	Бесплатный пробный урок | Цены и абонементы | Языки и уровни | Как нас найти | Английский детям | Дошкольный центр 3–6 лет | Онлайн-школа | Преподаватели	Определим уровень и подберём программу | Группа от 6 200 ₽/мес, индивидуально — 2 000 ₽ | Английский, китайский, испанский, немецкий: A1–C2 | Петергоф, Чичеринская, 2 — 5 минут от станции | Игровые занятия и подготовка к ОГЭ и ЕГЭ | Языки, творчество и подготовка к школе | Занятия по Zoom из любой точки мира, записи уроков | Педагоги с профильным образованием и носители языка	https://smartsay.ru/courses | https://smartsay.ru/courses | https://smartsay.ru/courses | https://smartsay.ru/contacts | https://smartsay.ru/courses?category=kids | https://smartsay.ru/preschool | https://smartsay.ru/online-school | https://smartsay.ru/teachers	Первый урок бесплатно | Группы до 6 человек | Лицензия на обучение | Очно в Петергофе и онлайн | Работаем с 2018 года | Уровни A1–C2 | Гибкое расписание | Носители языка | Сертификат по итогам | Записи всех уроков
		курсы английского для детей	Английский детям 7–12 лет: группы до 6	Группы по возрасту	Абонемент от 6 200 ₽/мес. Петергоф, Чичеринская 2. Пробный урок — 0 ₽.	https://smartsay.ru/courses?category=kids&utm_source=yandex&utm_medium=cpc&utm_campaign={campaign_name}&utm_content={ad_id}_{gbid}_{device_type}&utm_term={keyword}&yclid={yclid}	angliyskiy-detyam			Бесплатный пробный урок | Цены и абонементы | Языки и уровни | Как нас найти | Английский детям | Дошкольный центр 3–6 лет | Онлайн-школа | Преподаватели	Определим уровень и подберём программу | Группа от 6 200 ₽/мес, индивидуально — 2 000 ₽ | Английский, китайский, испанский, немецкий: A1–C2 | Петергоф, Чичеринская, 2 — 5 минут от станции | Игровые занятия и подготовка к ОГЭ и ЕГЭ | Языки, творчество и подготовка к школе | Занятия по Zoom из любой точки мира, записи уроков | Педагоги с профильным образованием и носители языка	https://smartsay.ru/courses | https://smartsay.ru/courses | https://smartsay.ru/courses | https://smartsay.ru/contacts | https://smartsay.ru/courses?category=kids | https://smartsay.ru/preschool | https://smartsay.ru/online-school | https://smartsay.ru/teachers	Первый урок бесплатно | Группы до 6 человек | Лицензия на обучение | Очно в Петергофе и онлайн | Работаем с 2018 года | Уровни A1–C2 | Гибкое расписание | Носители языка | Сертификат по итогам | Записи всех уроков
		английский язык для детей	Английский для школьников рядом с домом	Первый урок бесплатно	Педагоги, которые умеют работать с детьми. Отчёты и открытые уроки.	https://smartsay.ru/courses?category=kids&utm_source=yandex&utm_medium=cpc&utm_campaign={campaign_name}&utm_content={ad_id}_{gbid}_{device_type}&utm_term={keyword}&yclid={yclid}	angliyskiy-detyam			Бесплатный пробный урок | Цены и абонементы | Языки и уровни | Как нас найти | Английский детям | Дошкольный центр 3–6 лет | Онлайн-школа | Преподаватели	Определим уровень и подберём программу | Группа от 6 200 ₽/мес, индивидуально — 2 000 ₽ | Английский, китайский, испанский, немецкий: A1–C2 | Петергоф, Чичеринская, 2 — 5 минут от станции | Игровые занятия и подготовка к ОГЭ и ЕГЭ | Языки, творчество и подготовка к школе | Занятия по Zoom из любой точки мира, записи уроков | Педагоги с профильным образованием и носители языка	https://smartsay.ru/courses | https://smartsay.ru/courses | https://smartsay.ru/courses | https://smartsay.ru/contacts | https://smartsay.ru/courses?category=kids | https://smartsay.ru/preschool | https://smartsay.ru/online-school | https://smartsay.ru/teachers	Первый урок бесплатно | Группы до 6 человек | Лицензия на обучение | Очно в Петергофе и онлайн | Работаем с 2018 года | Уровни A1–C2 | Гибкое расписание | Носители языка | Сертификат по итогам | Записи всех уроков
		английский для школьников											
		английский для детей петергоф											
		английский для детей спб											
		детские курсы английского											
		детская языковая школа											
		английский для ребенка 8 лет											
		английский для ребенка 10 лет											
		английский для начальной школы											
		курсы английского для детей рядом											
SS | Поиск | Дети и школьники | Петергоф	Английский | подростки 13–17	английский для подростков	Английский для подростков в Петергофе	Первый урок бесплатно	Разговорная практика, аутентичные материалы, подготовка к ОГЭ и ЕГЭ.	https://smartsay.ru/courses?category=kids&utm_source=yandex&utm_medium=cpc&utm_campaign={campaign_name}&utm_content={ad_id}_{gbid}_{device_type}&utm_term={keyword}&yclid={yclid}	podrostkam	Петергоф, Ломоносов, Стрельна, Красное Село, Санкт-Петербург	дошкольн, малыш	Бесплатный пробный урок | Цены и абонементы | Языки и уровни | Как нас найти | Английский детям | Дошкольный центр 3–6 лет | Онлайн-школа | Преподаватели	Определим уровень и подберём программу | Группа от 6 200 ₽/мес, индивидуально — 2 000 ₽ | Английский, китайский, испанский, немецкий: A1–C2 | Петергоф, Чичеринская, 2 — 5 минут от станции | Игровые занятия и подготовка к ОГЭ и ЕГЭ | Языки, творчество и подготовка к школе | Занятия по Zoom из любой точки мира, записи уроков | Педагоги с профильным образованием и носители языка	https://smartsay.ru/courses | https://smartsay.ru/courses | https://smartsay.ru/courses | https://smartsay.ru/contacts | https://smartsay.ru/courses?category=kids | https://smartsay.ru/preschool | https://smartsay.ru/online-school | https://smartsay.ru/teachers	Первый урок бесплатно | Группы до 6 человек | Лицензия на обучение | Очно в Петергофе и онлайн | Работаем с 2018 года | Уровни A1–C2 | Гибкое расписание | Носители языка | Сертификат по итогам | Записи всех уроков
		курсы английского для подростков	Английский 13–17 лет: разговорные группы	Готовим к ОГЭ и ЕГЭ	Группы до 6 человек по уровню и возрасту. Абонемент от 6 200 ₽/мес.	https://smartsay.ru/courses?category=kids&utm_source=yandex&utm_medium=cpc&utm_campaign={campaign_name}&utm_content={ad_id}_{gbid}_{device_type}&utm_term={keyword}&yclid={yclid}	podrostkam			Бесплатный пробный урок | Цены и абонементы | Языки и уровни | Как нас найти | Английский детям | Дошкольный центр 3–6 лет | Онлайн-школа | Преподаватели	Определим уровень и подберём программу | Группа от 6 200 ₽/мес, индивидуально — 2 000 ₽ | Английский, китайский, испанский, немецкий: A1–C2 | Петергоф, Чичеринская, 2 — 5 минут от станции | Игровые занятия и подготовка к ОГЭ и ЕГЭ | Языки, творчество и подготовка к школе | Занятия по Zoom из любой точки мира, записи уроков | Педагоги с профильным образованием и носители языка	https://smartsay.ru/courses | https://smartsay.ru/courses | https://smartsay.ru/courses | https://smartsay.ru/contacts | https://smartsay.ru/courses?category=kids | https://smartsay.ru/preschool | https://smartsay.ru/online-school | https://smartsay.ru/teachers	Первый урок бесплатно | Группы до 6 человек | Лицензия на обучение | Очно в Петергофе и онлайн | Работаем с 2018 года | Уровни A1–C2 | Гибкое расписание | Носители языка | Сертификат по итогам | Записи всех уроков
		английский для старшеклассников	Подростковый английский без зубрёжки	Первый урок бесплатно	Очно в Петергофе или онлайн по Zoom с записью уроков.	https://smartsay.ru/courses?category=kids&utm_source=yandex&utm_medium=cpc&utm_campaign={campaign_name}&utm_content={ad_id}_{gbid}_{device_type}&utm_term={keyword}&yclid={yclid}	podrostkam			Бесплатный пробный урок | Цены и абонементы | Языки и уровни | Как нас найти | Английский детям | Дошкольный центр 3–6 лет | Онлайн-школа | Преподаватели	Определим уровень и подберём программу | Группа от 6 200 ₽/мес, индивидуально — 2 000 ₽ | Английский, китайский, испанский, немецкий: A1–C2 | Петергоф, Чичеринская, 2 — 5 минут от станции | Игровые занятия и подготовка к ОГЭ и ЕГЭ | Языки, творчество и подготовка к школе | Занятия по Zoom из любой точки мира, записи уроков | Педагоги с профильным образованием и носители языка	https://smartsay.ru/courses | https://smartsay.ru/courses | https://smartsay.ru/courses | https://smartsay.ru/contacts | https://smartsay.ru/courses?category=kids | https://smartsay.ru/preschool | https://smartsay.ru/online-school | https://smartsay.ru/teachers	Первый урок бесплатно | Группы до 6 человек | Лицензия на обучение | Очно в Петергофе и онлайн | Работаем с 2018 года | Уровни A1–C2 | Гибкое расписание | Носители языка | Сертификат по итогам | Записи всех уроков
		английский для подростков спб											
		разговорный английский для подростков											
		английский для ребенка 14 лет											
		английский 9 класс курсы											
SS | Поиск | Дети и школьники | Петергоф	Второй язык детям | китайский и немецкий	китайский для детей	Китайский и немецкий для детей	Первый урок бесплатно	Иероглифы и тоны в игровой форме — детям это правда заходит.	https://smartsay.ru/courses?category=kids&utm_source=yandex&utm_medium=cpc&utm_campaign={campaign_name}&utm_content={ad_id}_{gbid}_{device_type}&utm_term={keyword}&yclid={yclid}	vtoroy-yazyk	Петергоф, Ломоносов, Стрельна, Красное Село, Санкт-Петербург		Бесплатный пробный урок | Цены и абонементы | Языки и уровни | Как нас найти | Английский детям | Дошкольный центр 3–6 лет | Онлайн-школа | Преподаватели	Определим уровень и подберём программу | Группа от 6 200 ₽/мес, индивидуально — 2 000 ₽ | Английский, китайский, испанский, немецкий: A1–C2 | Петергоф, Чичеринская, 2 — 5 минут от станции | Игровые занятия и подготовка к ОГЭ и ЕГЭ | Языки, творчество и подготовка к школе | Занятия по Zoom из любой точки мира, записи уроков | Педагоги с профильным образованием и носители языка	https://smartsay.ru/courses | https://smartsay.ru/courses | https://smartsay.ru/courses | https://smartsay.ru/contacts | https://smartsay.ru/courses?category=kids | https://smartsay.ru/preschool | https://smartsay.ru/online-school | https://smartsay.ru/teachers	Первый урок бесплатно | Группы до 6 человек | Лицензия на обучение | Очно в Петергофе и онлайн | Работаем с 2018 года | Уровни A1–C2 | Гибкое расписание | Носители языка | Сертификат по итогам | Записи всех уроков
		курсы китайского для детей	Китайский для детей в Петергофе	Группы до 6 человек	Немецкий для школьников: живая речь вместо таблиц. Старт с нуля.	https://smartsay.ru/courses?category=kids&utm_source=yandex&utm_medium=cpc&utm_campaign={campaign_name}&utm_content={ad_id}_{gbid}_{device_type}&utm_term={keyword}&yclid={yclid}	vtoroy-yazyk			Бесплатный пробный урок | Цены и абонементы | Языки и уровни | Как нас найти | Английский детям | Дошкольный центр 3–6 лет | Онлайн-школа | Преподаватели	Определим уровень и подберём программу | Группа от 6 200 ₽/мес, индивидуально — 2 000 ₽ | Английский, китайский, испанский, немецкий: A1–C2 | Петергоф, Чичеринская, 2 — 5 минут от станции | Игровые занятия и подготовка к ОГЭ и ЕГЭ | Языки, творчество и подготовка к школе | Занятия по Zoom из любой точки мира, записи уроков | Педагоги с профильным образованием и носители языка	https://smartsay.ru/courses | https://smartsay.ru/courses | https://smartsay.ru/courses | https://smartsay.ru/contacts | https://smartsay.ru/courses?category=kids | https://smartsay.ru/preschool | https://smartsay.ru/online-school | https://smartsay.ru/teachers	Первый урок бесплатно | Группы до 6 человек | Лицензия на обучение | Очно в Петергофе и онлайн | Работаем с 2018 года | Уровни A1–C2 | Гибкое расписание | Носители языка | Сертификат по итогам | Записи всех уроков
		немецкий для детей	Немецкий для детей: игровой формат	Первый урок бесплатно	Петергоф, Чичеринская 2, и онлайн. Первый урок — бесплатно.	https://smartsay.ru/courses?category=kids&utm_source=yandex&utm_medium=cpc&utm_campaign={campaign_name}&utm_content={ad_id}_{gbid}_{device_type}&utm_term={keyword}&yclid={yclid}	vtoroy-yazyk			Бесплатный пробный урок | Цены и абонементы | Языки и уровни | Как нас найти | Английский детям | Дошкольный центр 3–6 лет | Онлайн-школа | Преподаватели	Определим уровень и подберём программу | Группа от 6 200 ₽/мес, индивидуально — 2 000 ₽ | Английский, китайский, испанский, немецкий: A1–C2 | Петергоф, Чичеринская, 2 — 5 минут от станции | Игровые занятия и подготовка к ОГЭ и ЕГЭ | Языки, творчество и подготовка к школе | Занятия по Zoom из любой точки мира, записи уроков | Педагоги с профильным образованием и носители языка	https://smartsay.ru/courses | https://smartsay.ru/courses | https://smartsay.ru/courses | https://smartsay.ru/contacts | https://smartsay.ru/courses?category=kids | https://smartsay.ru/preschool | https://smartsay.ru/online-school | https://smartsay.ru/teachers	Первый урок бесплатно | Группы до 6 человек | Лицензия на обучение | Очно в Петергофе и онлайн | Работаем с 2018 года | Уровни A1–C2 | Гибкое расписание | Носители языка | Сертификат по итогам | Записи всех уроков
		курсы немецкого для детей											
		испанский для детей											
		второй иностранный язык для школьника											
		китайский для школьников											
SS | Поиск | Дети и школьники | Петергоф	ОГЭ и ЕГЭ | английский	подготовка к егэ по английскому	Подготовка к ЕГЭ по английскому	Диагностика бесплатно	Разбираем все разделы: аудирование, чтение, письмо, говорение.	https://smartsay.ru/courses?category=kids&utm_source=yandex&utm_medium=cpc&utm_campaign={campaign_name}&utm_content={ad_id}_{gbid}_{device_type}&utm_term={keyword}&yclid={yclid}	ege-angliyskiy	Петергоф, Ломоносов, Стрельна, Красное Село, Санкт-Петербург	онлайн бесплатно, варианты, демоверсия, фипи	Бесплатный пробный урок | Цены и абонементы | Языки и уровни | Как нас найти | Английский детям | Дошкольный центр 3–6 лет | Онлайн-школа | Преподаватели	Определим уровень и подберём программу | Группа от 6 200 ₽/мес, индивидуально — 2 000 ₽ | Английский, китайский, испанский, немецкий: A1–C2 | Петергоф, Чичеринская, 2 — 5 минут от станции | Игровые занятия и подготовка к ОГЭ и ЕГЭ | Языки, творчество и подготовка к школе | Занятия по Zoom из любой точки мира, записи уроков | Педагоги с профильным образованием и носители языка	https://smartsay.ru/courses | https://smartsay.ru/courses | https://smartsay.ru/courses | https://smartsay.ru/contacts | https://smartsay.ru/courses?category=kids | https://smartsay.ru/preschool | https://smartsay.ru/online-school | https://smartsay.ru/teachers	Первый урок бесплатно | Группы до 6 человек | Лицензия на обучение | Очно в Петергофе и онлайн | Работаем с 2018 года | Уровни A1–C2 | Гибкое расписание | Носители языка | Сертификат по итогам | Записи всех уроков
		егэ английский подготовка	ОГЭ и ЕГЭ по английскому в Петергофе	Группы до 6 человек	Стартуем с диагностики: покажем реальный балл и слабые места.	https://smartsay.ru/courses?category=kids&utm_source=yandex&utm_medium=cpc&utm_campaign={campaign_name}&utm_content={ad_id}_{gbid}_{device_type}&utm_term={keyword}&yclid={yclid}	ege-angliyskiy			Бесплатный пробный урок | Цены и абонементы | Языки и уровни | Как нас найти | Английский детям | Дошкольный центр 3–6 лет | Онлайн-школа | Преподаватели	Определим уровень и подберём программу | Группа от 6 200 ₽/мес, индивидуально — 2 000 ₽ | Английский, китайский, испанский, немецкий: A1–C2 | Петергоф, Чичеринская, 2 — 5 минут от станции | Игровые занятия и подготовка к ОГЭ и ЕГЭ | Языки, творчество и подготовка к школе | Занятия по Zoom из любой точки мира, записи уроков | Педагоги с профильным образованием и носители языка	https://smartsay.ru/courses | https://smartsay.ru/courses | https://smartsay.ru/courses | https://smartsay.ru/contacts | https://smartsay.ru/courses?category=kids | https://smartsay.ru/preschool | https://smartsay.ru/online-school | https://smartsay.ru/teachers	Первый урок бесплатно | Группы до 6 человек | Лицензия на обучение | Очно в Петергофе и онлайн | Работаем с 2018 года | Уровни A1–C2 | Гибкое расписание | Носители языка | Сертификат по итогам | Записи всех уроков
		курсы подготовки к егэ английский	Английский ЕГЭ: разбор всех разделов	Диагностика бесплатно	Группы до 6 человек. Очно в Петергофе или онлайн. Первый урок — 0 ₽.	https://smartsay.ru/courses?category=kids&utm_source=yandex&utm_medium=cpc&utm_campaign={campaign_name}&utm_content={ad_id}_{gbid}_{device_type}&utm_term={keyword}&yclid={yclid}	ege-angliyskiy			Бесплатный пробный урок | Цены и абонементы | Языки и уровни | Как нас найти | Английский детям | Дошкольный центр 3–6 лет | Онлайн-школа | Преподаватели	Определим уровень и подберём программу | Группа от 6 200 ₽/мес, индивидуально — 2 000 ₽ | Английский, китайский, испанский, немецкий: A1–C2 | Петергоф, Чичеринская, 2 — 5 минут от станции | Игровые занятия и подготовка к ОГЭ и ЕГЭ | Языки, творчество и подготовка к школе | Занятия по Zoom из любой точки мира, записи уроков | Педагоги с профильным образованием и носители языка	https://smartsay.ru/courses | https://smartsay.ru/courses | https://smartsay.ru/courses | https://smartsay.ru/contacts | https://smartsay.ru/courses?category=kids | https://smartsay.ru/preschool | https://smartsay.ru/online-school | https://smartsay.ru/teachers	Первый урок бесплатно | Группы до 6 человек | Лицензия на обучение | Очно в Петергофе и онлайн | Работаем с 2018 года | Уровни A1–C2 | Гибкое расписание | Носители языка | Сертификат по итогам | Записи всех уроков
		подготовка к огэ по английскому											
		огэ английский курсы											
		подготовка к егэ по английскому спб											
		репетитор егэ английский											
		подготовка к огэ по английскому петергоф											
SS | Поиск | Дошкольники 3–6 | Петергоф	Английский дошкольникам 3–6	английский для дошкольников	Английский для малышей в Петергофе	Пробное занятие	Дети учатся через игру: песни, сказки, творчество. Английский и китайский.	https://smartsay.ru/preschool?utm_source=yandex&utm_medium=cpc&utm_campaign={campaign_name}&utm_content={ad_id}_{gbid}_{device_type}&utm_term={keyword}&yclid={yclid}	doshkolnikam	Петергоф, Ломоносов, Стрельна		Бесплатный пробный урок | Цены и абонементы | Языки и уровни | Как нас найти | Английский детям | Дошкольный центр 3–6 лет | Онлайн-школа | Преподаватели	Определим уровень и подберём программу | Группа от 6 200 ₽/мес, индивидуально — 2 000 ₽ | Английский, китайский, испанский, немецкий: A1–C2 | Петергоф, Чичеринская, 2 — 5 минут от станции | Игровые занятия и подготовка к ОГЭ и ЕГЭ | Языки, творчество и подготовка к школе | Занятия по Zoom из любой точки мира, записи уроков | Педагоги с профильным образованием и носители языка	https://smartsay.ru/courses | https://smartsay.ru/courses | https://smartsay.ru/courses | https://smartsay.ru/contacts | https://smartsay.ru/courses?category=kids | https://smartsay.ru/preschool | https://smartsay.ru/online-school | https://smartsay.ru/teachers	Первый урок бесплатно | Группы до 6 человек | Лицензия на обучение | Очно в Петергофе и онлайн | Работаем с 2018 года | Уровни A1–C2 | Гибкое расписание | Носители языка | Сертификат по итогам | Записи всех уроков
		английский для малышей	Английский детям 3–6 лет через игру	От 4 500 ₽/мес	Абонемент от 4 500 ₽/мес. Уютные классы, педагоги с образованием.	https://smartsay.ru/preschool?utm_source=yandex&utm_medium=cpc&utm_campaign={campaign_name}&utm_content={ad_id}_{gbid}_{device_type}&utm_term={keyword}&yclid={yclid}	doshkolnikam			Бесплатный пробный урок | Цены и абонементы | Языки и уровни | Как нас найти | Английский детям | Дошкольный центр 3–6 лет | Онлайн-школа | Преподаватели	Определим уровень и подберём программу | Группа от 6 200 ₽/мес, индивидуально — 2 000 ₽ | Английский, китайский, испанский, немецкий: A1–C2 | Петергоф, Чичеринская, 2 — 5 минут от станции | Игровые занятия и подготовка к ОГЭ и ЕГЭ | Языки, творчество и подготовка к школе | Занятия по Zoom из любой точки мира, записи уроков | Педагоги с профильным образованием и носители языка	https://smartsay.ru/courses | https://smartsay.ru/courses | https://smartsay.ru/courses | https://smartsay.ru/contacts | https://smartsay.ru/courses?category=kids | https://smartsay.ru/preschool | https://smartsay.ru/online-school | https://smartsay.ru/teachers	Первый урок бесплатно | Группы до 6 человек | Лицензия на обучение | Очно в Петергофе и онлайн | Работаем с 2018 года | Уровни A1–C2 | Гибкое расписание | Носители языка | Сертификат по итогам | Записи всех уроков
		английский для детей 4 лет	Языки для дошкольников: песни и сказки	Пробное занятие	Петергоф, Чичеринская 2. Запишитесь на пробное занятие.	https://smartsay.ru/preschool?utm_source=yandex&utm_medium=cpc&utm_campaign={campaign_name}&utm_content={ad_id}_{gbid}_{device_type}&utm_term={keyword}&yclid={yclid}	doshkolnikam			Бесплатный пробный урок | Цены и абонементы | Языки и уровни | Как нас найти | Английский детям | Дошкольный центр 3–6 лет | Онлайн-школа | Преподаватели	Определим уровень и подберём программу | Группа от 6 200 ₽/мес, индивидуально — 2 000 ₽ | Английский, китайский, испанский, немецкий: A1–C2 | Петергоф, Чичеринская, 2 — 5 минут от станции | Игровые занятия и подготовка к ОГЭ и ЕГЭ | Языки, творчество и подготовка к школе | Занятия по Zoom из любой точки мира, записи уроков | Педагоги с профильным образованием и носители языка	https://smartsay.ru/courses | https://smartsay.ru/courses | https://smartsay.ru/courses | https://smartsay.ru/contacts | https://smartsay.ru/courses?category=kids | https://smartsay.ru/preschool | https://smartsay.ru/online-school | https://smartsay.ru/teachers	Первый урок бесплатно | Группы до 6 человек | Лицензия на обучение | Очно в Петергофе и онлайн | Работаем с 2018 года | Уровни A1–C2 | Гибкое расписание | Носители языка | Сертификат по итогам | Записи всех уроков
		английский для детей 5 лет											
		английский для детей 6 лет											
		английский для дошкольников петергоф											
		языки для малышей											
		английский в игровой форме для детей											
SS | Поиск | Дошкольники 3–6 | Петергоф	Детский развивающий центр | Петергоф	детский развивающий центр	Детский развивающий центр в Петергофе	Пробное занятие	Языки, музыка, творчество и логопед — в одном месте рядом с домом.	https://smartsay.ru/preschool?utm_source=yandex&utm_medium=cpc&utm_campaign={campaign_name}&utm_content={ad_id}_{gbid}_{device_type}&utm_term={keyword}&yclid={yclid}	detskiy-centr	Петергоф, Ломоносов, Стрельна	бассейн, танцы, футбол, шахматы, робототехника	Бесплатный пробный урок | Цены и абонементы | Языки и уровни | Как нас найти | Английский детям | Дошкольный центр 3–6 лет | Онлайн-школа | Преподаватели	Определим уровень и подберём программу | Группа от 6 200 ₽/мес, индивидуально — 2 000 ₽ | Английский, китайский, испанский, немецкий: A1–C2 | Петергоф, Чичеринская, 2 — 5 минут от станции | Игровые занятия и подготовка к ОГЭ и ЕГЭ | Языки, творчество и подготовка к школе | Занятия по Zoom из любой точки мира, записи уроков | Педагоги с профильным образованием и носители языка	https://smartsay.ru/courses | https://smartsay.ru/courses | https://smartsay.ru/courses | https://smartsay.ru/contacts | https://smartsay.ru/courses?category=kids | https://smartsay.ru/preschool | https://smartsay.ru/online-school | https://smartsay.ru/teachers	Первый урок бесплатно | Группы до 6 человек | Лицензия на обучение | Очно в Петергофе и онлайн | Работаем с 2018 года | Уровни A1–C2 | Гибкое расписание | Носители языка | Сертификат по итогам | Записи всех уроков
		развивающие занятия для детей	Развивающие занятия для детей 3–6 лет	Группы до 7 детей	Группы до 7 детей, безопасная среда, регулярные отчёты родителям.	https://smartsay.ru/preschool?utm_source=yandex&utm_medium=cpc&utm_campaign={campaign_name}&utm_content={ad_id}_{gbid}_{device_type}&utm_term={keyword}&yclid={yclid}	detskiy-centr			Бесплатный пробный урок | Цены и абонементы | Языки и уровни | Как нас найти | Английский детям | Дошкольный центр 3–6 лет | Онлайн-школа | Преподаватели	Определим уровень и подберём программу | Группа от 6 200 ₽/мес, индивидуально — 2 000 ₽ | Английский, китайский, испанский, немецкий: A1–C2 | Петергоф, Чичеринская, 2 — 5 минут от станции | Игровые занятия и подготовка к ОГЭ и ЕГЭ | Языки, творчество и подготовка к школе | Занятия по Zoom из любой точки мира, записи уроков | Педагоги с профильным образованием и носители языка	https://smartsay.ru/courses | https://smartsay.ru/courses | https://smartsay.ru/courses | https://smartsay.ru/contacts | https://smartsay.ru/courses?category=kids | https://smartsay.ru/preschool | https://smartsay.ru/online-school | https://smartsay.ru/teachers	Первый урок бесплатно | Группы до 6 человек | Лицензия на обучение | Очно в Петергофе и онлайн | Работаем с 2018 года | Уровни A1–C2 | Гибкое расписание | Носители языка | Сертификат по итогам | Записи всех уроков
		детский центр петергоф	Детский клуб в Петергофе: языки и творчество	Пробное занятие	Абонемент от 4 500 ₽/мес. Петергоф, Чичеринская 2.	https://smartsay.ru/preschool?utm_source=yandex&utm_medium=cpc&utm_campaign={campaign_name}&utm_content={ad_id}_{gbid}_{device_type}&utm_term={keyword}&yclid={yclid}	detskiy-centr			Бесплатный пробный урок | Цены и абонементы | Языки и уровни | Как нас найти | Английский детям | Дошкольный центр 3–6 лет | Онлайн-школа | Преподаватели	Определим уровень и подберём программу | Группа от 6 200 ₽/мес, индивидуально — 2 000 ₽ | Английский, китайский, испанский, немецкий: A1–C2 | Петергоф, Чичеринская, 2 — 5 минут от станции | Игровые занятия и подготовка к ОГЭ и ЕГЭ | Языки, творчество и подготовка к школе | Занятия по Zoom из любой точки мира, записи уроков | Педагоги с профильным образованием и носители языка	https://smartsay.ru/courses | https://smartsay.ru/courses | https://smartsay.ru/courses | https://smartsay.ru/contacts | https://smartsay.ru/courses?category=kids | https://smartsay.ru/preschool | https://smartsay.ru/online-school | https://smartsay.ru/teachers	Первый урок бесплатно | Группы до 6 человек | Лицензия на обучение | Очно в Петергофе и онлайн | Работаем с 2018 года | Уровни A1–C2 | Гибкое расписание | Носители языка | Сертификат по итогам | Записи всех уроков
		развивающий центр петергоф											
		детский клуб петергоф											
		развивающие занятия петергоф											
		детский центр ломоносов											
		занятия для детей 3 лет											
		занятия для детей 4 лет											
		детский центр рядом											
SS | Поиск | Дошкольники 3–6 | Петергоф	Подготовка к школе	подготовка к школе	Подготовка к школе в Петергофе	Пробное занятие	Речь, логика, мелкая моторика и язык — по программе дошкольного центра.	https://smartsay.ru/preschool?utm_source=yandex&utm_medium=cpc&utm_campaign={campaign_name}&utm_content={ad_id}_{gbid}_{device_type}&utm_term={keyword}&yclid={yclid}	podgotovka-k-shkole	Петергоф, Ломоносов, Стрельна	программа скачать, тесты	Бесплатный пробный урок | Цены и абонементы | Языки и уровни | Как нас найти | Английский детям | Дошкольный центр 3–6 лет | Онлайн-школа | Преподаватели	Определим уровень и подберём программу | Группа от 6 200 ₽/мес, индивидуально — 2 000 ₽ | Английский, китайский, испанский, немецкий: A1–C2 | Петергоф, Чичеринская, 2 — 5 минут от станции | Игровые занятия и подготовка к ОГЭ и ЕГЭ | Языки, творчество и подготовка к школе | Занятия по Zoom из любой точки мира, записи уроков | Педагоги с профильным образованием и носители языка	https://smartsay.ru/courses | https://smartsay.ru/courses | https://smartsay.ru/courses | https://smartsay.ru/contacts | https://smartsay.ru/courses?category=kids | https://smartsay.ru/preschool | https://smartsay.ru/online-school | https://smartsay.ru/teachers	Первый урок бесплатно | Группы до 6 человек | Лицензия на обучение | Очно в Петергофе и онлайн | Работаем с 2018 года | Уровни A1–C2 | Гибкое расписание | Носители языка | Сертификат по итогам | Записи всех уроков
		подготовка к школе петергоф	Подготовка к школе и английский	Группы до 7 детей	Педагоги с профильным образованием, группы до 7 детей.	https://smartsay.ru/preschool?utm_source=yandex&utm_medium=cpc&utm_campaign={campaign_name}&utm_content={ad_id}_{gbid}_{device_type}&utm_term={keyword}&yclid={yclid}	podgotovka-k-shkole			Бесплатный пробный урок | Цены и абонементы | Языки и уровни | Как нас найти | Английский детям | Дошкольный центр 3–6 лет | Онлайн-школа | Преподаватели	Определим уровень и подберём программу | Группа от 6 200 ₽/мес, индивидуально — 2 000 ₽ | Английский, китайский, испанский, немецкий: A1–C2 | Петергоф, Чичеринская, 2 — 5 минут от станции | Игровые занятия и подготовка к ОГЭ и ЕГЭ | Языки, творчество и подготовка к школе | Занятия по Zoom из любой точки мира, записи уроков | Педагоги с профильным образованием и носители языка	https://smartsay.ru/courses | https://smartsay.ru/courses | https://smartsay.ru/courses | https://smartsay.ru/contacts | https://smartsay.ru/courses?category=kids | https://smartsay.ru/preschool | https://smartsay.ru/online-school | https://smartsay.ru/teachers	Первый урок бесплатно | Группы до 6 человек | Лицензия на обучение | Очно в Петергофе и онлайн | Работаем с 2018 года | Уровни A1–C2 | Гибкое расписание | Носители языка | Сертификат по итогам | Записи всех уроков
		подготовка к первому классу	Готовим к первому классу с 5 лет	Пробное занятие	Петергоф, Чичеринская 2. Абонемент от 4 500 ₽/мес.	https://smartsay.ru/preschool?utm_source=yandex&utm_medium=cpc&utm_campaign={campaign_name}&utm_content={ad_id}_{gbid}_{device_type}&utm_term={keyword}&yclid={yclid}	podgotovka-k-shkole			Бесплатный пробный урок | Цены и абонементы | Языки и уровни | Как нас найти | Английский детям | Дошкольный центр 3–6 лет | Онлайн-школа | Преподаватели	Определим уровень и подберём программу | Группа от 6 200 ₽/мес, индивидуально — 2 000 ₽ | Английский, китайский, испанский, немецкий: A1–C2 | Петергоф, Чичеринская, 2 — 5 минут от станции | Игровые занятия и подготовка к ОГЭ и ЕГЭ | Языки, творчество и подготовка к школе | Занятия по Zoom из любой точки мира, записи уроков | Педагоги с профильным образованием и носители языка	https://smartsay.ru/courses | https://smartsay.ru/courses | https://smartsay.ru/courses | https://smartsay.ru/contacts | https://smartsay.ru/courses?category=kids | https://smartsay.ru/preschool | https://smartsay.ru/online-school | https://smartsay.ru/teachers	Первый урок бесплатно | Группы до 6 человек | Лицензия на обучение | Очно в Петергофе и онлайн | Работаем с 2018 года | Уровни A1–C2 | Гибкое расписание | Носители языка | Сертификат по итогам | Записи всех уроков
		курсы подготовки к школе											
		подготовка ребенка к школе занятия											
		занятия с логопедом петергоф											
SS | Поиск | Бренд	Бренд SmartSay	smartsay	SmartSay — языковая школа в Петергофе	Запись на пробный урок	Английский, китайский, испанский, немецкий. Очно в Петергофе и онлайн.	https://smartsay.ru/?utm_source=yandex&utm_medium=cpc&utm_campaign={campaign_name}&utm_content={ad_id}_{gbid}_{device_type}&utm_term={keyword}&yclid={yclid}	smartsay	Россия		Бесплатный пробный урок | Цены и абонементы | Языки и уровни | Как нас найти | Английский детям | Дошкольный центр 3–6 лет | Онлайн-школа | Преподаватели	Определим уровень и подберём программу | Группа от 6 200 ₽/мес, индивидуально — 2 000 ₽ | Английский, китайский, испанский, немецкий: A1–C2 | Петергоф, Чичеринская, 2 — 5 минут от станции | Игровые занятия и подготовка к ОГЭ и ЕГЭ | Языки, творчество и подготовка к школе | Занятия по Zoom из любой точки мира, записи уроков | Педагоги с профильным образованием и носители языка	https://smartsay.ru/courses | https://smartsay.ru/courses | https://smartsay.ru/courses | https://smartsay.ru/contacts | https://smartsay.ru/courses?category=kids | https://smartsay.ru/preschool | https://smartsay.ru/online-school | https://smartsay.ru/teachers	Первый урок бесплатно | Группы до 6 человек | Лицензия на обучение | Очно в Петергофе и онлайн | Работаем с 2018 года | Уровни A1–C2 | Гибкое расписание | Носители языка | Сертификат по итогам | Записи всех уроков
		смартсэй	SmartSay: официальный сайт школы	Официальный сайт	Расписание, цены, преподаватели и запись на бесплатный пробный урок.	https://smartsay.ru/?utm_source=yandex&utm_medium=cpc&utm_campaign={campaign_name}&utm_content={ad_id}_{gbid}_{device_type}&utm_term={keyword}&yclid={yclid}	smartsay			Бесплатный пробный урок | Цены и абонементы | Языки и уровни | Как нас найти | Английский детям | Дошкольный центр 3–6 лет | Онлайн-школа | Преподаватели	Определим уровень и подберём программу | Группа от 6 200 ₽/мес, индивидуально — 2 000 ₽ | Английский, китайский, испанский, немецкий: A1–C2 | Петергоф, Чичеринская, 2 — 5 минут от станции | Игровые занятия и подготовка к ОГЭ и ЕГЭ | Языки, творчество и подготовка к школе | Занятия по Zoom из любой точки мира, записи уроков | Педагоги с профильным образованием и носители языка	https://smartsay.ru/courses | https://smartsay.ru/courses | https://smartsay.ru/courses | https://smartsay.ru/contacts | https://smartsay.ru/courses?category=kids | https://smartsay.ru/preschool | https://smartsay.ru/online-school | https://smartsay.ru/teachers	Первый урок бесплатно | Группы до 6 человек | Лицензия на обучение | Очно в Петергофе и онлайн | Работаем с 2018 года | Уровни A1–C2 | Гибкое расписание | Носители языка | Сертификат по итогам | Записи всех уроков
		smart say	Языковая школа SmartSay	Запись на пробный урок	Петергоф, Чичеринская 2. Телефон +7 921 642-79-28.	https://smartsay.ru/?utm_source=yandex&utm_medium=cpc&utm_campaign={campaign_name}&utm_content={ad_id}_{gbid}_{device_type}&utm_term={keyword}&yclid={yclid}	smartsay			Бесплатный пробный урок | Цены и абонементы | Языки и уровни | Как нас найти | Английский детям | Дошкольный центр 3–6 лет | Онлайн-школа | Преподаватели	Определим уровень и подберём программу | Группа от 6 200 ₽/мес, индивидуально — 2 000 ₽ | Английский, китайский, испанский, немецкий: A1–C2 | Петергоф, Чичеринская, 2 — 5 минут от станции | Игровые занятия и подготовка к ОГЭ и ЕГЭ | Языки, творчество и подготовка к школе | Занятия по Zoom из любой точки мира, записи уроков | Педагоги с профильным образованием и носители языка	https://smartsay.ru/courses | https://smartsay.ru/courses | https://smartsay.ru/courses | https://smartsay.ru/contacts | https://smartsay.ru/courses?category=kids | https://smartsay.ru/preschool | https://smartsay.ru/online-school | https://smartsay.ru/teachers	Первый урок бесплатно | Группы до 6 человек | Лицензия на обучение | Очно в Петергофе и онлайн | Работаем с 2018 года | Уровни A1–C2 | Гибкое расписание | Носители языка | Сертификат по итогам | Записи всех уроков
		смарт сэй											
		smartsay ru											
		смартсэй петергоф											
		smartsay языковая школа											
		смартсэй отзывы											
		языковая школа смартсэй											
SS | Ретаргетинг | Были на сайте без заявки	Догоняем посетителей /courses		Вы смотрели курсы SmartSay	Запишитесь за 1 минуту	Оставьте заявку — перезвоним, определим уровень и подберём расписание.	https://smartsay.ru/courses?utm_source=yandex&utm_medium=cpc&utm_campaign={campaign_name}&utm_content={ad_id}_{gbid}_{device_type}&utm_term={keyword}&yclid={yclid}	probnyy-urok	Россия		Бесплатный пробный урок | Цены и абонементы | Языки и уровни | Как нас найти | Английский детям | Дошкольный центр 3–6 лет | Онлайн-школа | Преподаватели	Определим уровень и подберём программу | Группа от 6 200 ₽/мес, индивидуально — 2 000 ₽ | Английский, китайский, испанский, немецкий: A1–C2 | Петергоф, Чичеринская, 2 — 5 минут от станции | Игровые занятия и подготовка к ОГЭ и ЕГЭ | Языки, творчество и подготовка к школе | Занятия по Zoom из любой точки мира, записи уроков | Педагоги с профильным образованием и носители языка	https://smartsay.ru/courses | https://smartsay.ru/courses | https://smartsay.ru/courses | https://smartsay.ru/contacts | https://smartsay.ru/courses?category=kids | https://smartsay.ru/preschool | https://smartsay.ru/online-school | https://smartsay.ru/teachers	Первый урок бесплатно | Группы до 6 человек | Лицензия на обучение | Очно в Петергофе и онлайн | Работаем с 2018 года | Уровни A1–C2 | Гибкое расписание | Носители языка | Сертификат по итогам | Записи всех уроков
			Первый урок в группе — бесплатно	Группы до 6 человек	Абонемент от 6 200 ₽/мес, индивидуально — 2 000 ₽ за занятие.	https://smartsay.ru/courses?utm_source=yandex&utm_medium=cpc&utm_campaign={campaign_name}&utm_content={ad_id}_{gbid}_{device_type}&utm_term={keyword}&yclid={yclid}	probnyy-urok			Бесплатный пробный урок | Цены и абонементы | Языки и уровни | Как нас найти | Английский детям | Дошкольный центр 3–6 лет | Онлайн-школа | Преподаватели	Определим уровень и подберём программу | Группа от 6 200 ₽/мес, индивидуально — 2 000 ₽ | Английский, китайский, испанский, немецкий: A1–C2 | Петергоф, Чичеринская, 2 — 5 минут от станции | Игровые занятия и подготовка к ОГЭ и ЕГЭ | Языки, творчество и подготовка к школе | Занятия по Zoom из любой точки мира, записи уроков | Педагоги с профильным образованием и носители языка	https://smartsay.ru/courses | https://smartsay.ru/courses | https://smartsay.ru/courses | https://smartsay.ru/contacts | https://smartsay.ru/courses?category=kids | https://smartsay.ru/preschool | https://smartsay.ru/online-school | https://smartsay.ru/teachers	Первый урок бесплатно | Группы до 6 человек | Лицензия на обучение | Очно в Петергофе и онлайн | Работаем с 2018 года | Уровни A1–C2 | Гибкое расписание | Носители языка | Сертификат по итогам | Записи всех уроков
			Определим уровень и подберём группу	Запишитесь за 1 минуту	Очно в Петергофе или онлайн. Первый урок в группе — бесплатно.	https://smartsay.ru/courses?utm_source=yandex&utm_medium=cpc&utm_campaign={campaign_name}&utm_content={ad_id}_{gbid}_{device_type}&utm_term={keyword}&yclid={yclid}	probnyy-urok			Бесплатный пробный урок | Цены и абонементы | Языки и уровни | Как нас найти | Английский детям | Дошкольный центр 3–6 лет | Онлайн-школа | Преподаватели	Определим уровень и подберём программу | Группа от 6 200 ₽/мес, индивидуально — 2 000 ₽ | Английский, китайский, испанский, немецкий: A1–C2 | Петергоф, Чичеринская, 2 — 5 минут от станции | Игровые занятия и подготовка к ОГЭ и ЕГЭ | Языки, творчество и подготовка к школе | Занятия по Zoom из любой точки мира, записи уроков | Педагоги с профильным образованием и носители языка	https://smartsay.ru/courses | https://smartsay.ru/courses | https://smartsay.ru/courses | https://smartsay.ru/contacts | https://smartsay.ru/courses?category=kids | https://smartsay.ru/preschool | https://smartsay.ru/online-school | https://smartsay.ru/teachers	Первый урок бесплатно | Группы до 6 человек | Лицензия на обучение | Очно в Петергофе и онлайн | Работаем с 2018 года | Уровни A1–C2 | Гибкое расписание | Носители языка | Сертификат по итогам | Записи всех уроков
SS | Поиск | Экзамены | СПб	IELTS, TOEFL, Cambridge	подготовка к ielts	Подготовка к IELTS в Санкт-Петербурге	Диагностика бесплатно	Стартуем с пробного теста: узнаете текущий балл и план до цели.	https://smartsay.ru/courses?language=english&utm_source=yandex&utm_medium=cpc&utm_campaign={campaign_name}&utm_content={ad_id}_{gbid}_{device_type}&utm_term={keyword}&yclid={yclid}	ielts	Санкт-Петербург, Ленинградская область		Бесплатный пробный урок | Цены и абонементы | Языки и уровни | Как нас найти | Английский детям | Дошкольный центр 3–6 лет | Онлайн-школа | Преподаватели	Определим уровень и подберём программу | Группа от 6 200 ₽/мес, индивидуально — 2 000 ₽ | Английский, китайский, испанский, немецкий: A1–C2 | Петергоф, Чичеринская, 2 — 5 минут от станции | Игровые занятия и подготовка к ОГЭ и ЕГЭ | Языки, творчество и подготовка к школе | Занятия по Zoom из любой точки мира, записи уроков | Педагоги с профильным образованием и носители языка	https://smartsay.ru/courses | https://smartsay.ru/courses | https://smartsay.ru/courses | https://smartsay.ru/contacts | https://smartsay.ru/courses?category=kids | https://smartsay.ru/preschool | https://smartsay.ru/online-school | https://smartsay.ru/teachers	Первый урок бесплатно | Группы до 6 человек | Лицензия на обучение | Очно в Петергофе и онлайн | Работаем с 2018 года | Уровни A1–C2 | Гибкое расписание | Носители языка | Сертификат по итогам | Записи всех уроков
		курсы ielts	IELTS и TOEFL: подготовка до нужного балла	Очно и онлайн	Разбираем все модули: Listening, Reading, Writing, Speaking.	https://smartsay.ru/courses?language=english&utm_source=yandex&utm_medium=cpc&utm_campaign={campaign_name}&utm_content={ad_id}_{gbid}_{device_type}&utm_term={keyword}&yclid={yclid}	ielts			Бесплатный пробный урок | Цены и абонементы | Языки и уровни | Как нас найти | Английский детям | Дошкольный центр 3–6 лет | Онлайн-школа | Преподаватели	Определим уровень и подберём программу | Группа от 6 200 ₽/мес, индивидуально — 2 000 ₽ | Английский, китайский, испанский, немецкий: A1–C2 | Петергоф, Чичеринская, 2 — 5 минут от станции | Игровые занятия и подготовка к ОГЭ и ЕГЭ | Языки, творчество и подготовка к школе | Занятия по Zoom из любой точки мира, записи уроков | Педагоги с профильным образованием и носители языка	https://smartsay.ru/courses | https://smartsay.ru/courses | https://smartsay.ru/courses | https://smartsay.ru/contacts | https://smartsay.ru/courses?category=kids | https://smartsay.ru/preschool | https://smartsay.ru/online-school | https://smartsay.ru/teachers	Первый урок бесплатно | Группы до 6 человек | Лицензия на обучение | Очно в Петергофе и онлайн | Работаем с 2018 года | Уровни A1–C2 | Гибкое расписание | Носители языка | Сертификат по итогам | Записи всех уроков
		ielts спб	Cambridge exams: подготовка в СПб	Диагностика бесплатно	В мини-группе или индивидуально — 2 000 ₽ за занятие. Очно и онлайн.	https://smartsay.ru/courses?language=english&utm_source=yandex&utm_medium=cpc&utm_campaign={campaign_name}&utm_content={ad_id}_{gbid}_{device_type}&utm_term={keyword}&yclid={yclid}	ielts			Бесплатный пробный урок | Цены и абонементы | Языки и уровни | Как нас найти | Английский детям | Дошкольный центр 3–6 лет | Онлайн-школа | Преподаватели	Определим уровень и подберём программу | Группа от 6 200 ₽/мес, индивидуально — 2 000 ₽ | Английский, китайский, испанский, немецкий: A1–C2 | Петергоф, Чичеринская, 2 — 5 минут от станции | Игровые занятия и подготовка к ОГЭ и ЕГЭ | Языки, творчество и подготовка к школе | Занятия по Zoom из любой точки мира, записи уроков | Педагоги с профильным образованием и носители языка	https://smartsay.ru/courses | https://smartsay.ru/courses | https://smartsay.ru/courses | https://smartsay.ru/contacts | https://smartsay.ru/courses?category=kids | https://smartsay.ru/preschool | https://smartsay.ru/online-school | https://smartsay.ru/teachers	Первый урок бесплатно | Группы до 6 человек | Лицензия на обучение | Очно в Петергофе и онлайн | Работаем с 2018 года | Уровни A1–C2 | Гибкое расписание | Носители языка | Сертификат по итогам | Записи всех уроков
		подготовка к ielts спб											
		подготовка к toefl											
		курсы toefl											
		cambridge exams подготовка											
		подготовка к кембриджскому экзамену											
		международный экзамен по английскому подготовка											
SS | Поиск | Экзамены | СПб	HSK | китайский	подготовка к hsk	Подготовка к HSK в Санкт-Петербурге	Диагностика бесплатно	Иероглифы, тоны, аудирование — системно до нужного уровня HSK.	https://smartsay.ru/courses?language=chinese&utm_source=yandex&utm_medium=cpc&utm_campaign={campaign_name}&utm_content={ad_id}_{gbid}_{device_type}&utm_term={keyword}&yclid={yclid}	hsk	Санкт-Петербург, Ленинградская область		Бесплатный пробный урок | Цены и абонементы | Языки и уровни | Как нас найти | Английский детям | Дошкольный центр 3–6 лет | Онлайн-школа | Преподаватели	Определим уровень и подберём программу | Группа от 6 200 ₽/мес, индивидуально — 2 000 ₽ | Английский, китайский, испанский, немецкий: A1–C2 | Петергоф, Чичеринская, 2 — 5 минут от станции | Игровые занятия и подготовка к ОГЭ и ЕГЭ | Языки, творчество и подготовка к школе | Занятия по Zoom из любой точки мира, записи уроков | Педагоги с профильным образованием и носители языка	https://smartsay.ru/courses | https://smartsay.ru/courses | https://smartsay.ru/courses | https://smartsay.ru/contacts | https://smartsay.ru/courses?category=kids | https://smartsay.ru/preschool | https://smartsay.ru/online-school | https://smartsay.ru/teachers	Первый урок бесплатно | Группы до 6 человек | Лицензия на обучение | Очно в Петергофе и онлайн | Работаем с 2018 года | Уровни A1–C2 | Гибкое расписание | Носители языка | Сертификат по итогам | Записи всех уроков
		курсы hsk	HSK 1–6: подготовка с преподавателем	Очно и онлайн	Преподаватели с опытом. Мини-группы до 6 человек или индивидуально.	https://smartsay.ru/courses?language=chinese&utm_source=yandex&utm_medium=cpc&utm_campaign={campaign_name}&utm_content={ad_id}_{gbid}_{device_type}&utm_term={keyword}&yclid={yclid}	hsk			Бесплатный пробный урок | Цены и абонементы | Языки и уровни | Как нас найти | Английский детям | Дошкольный центр 3–6 лет | Онлайн-школа | Преподаватели	Определим уровень и подберём программу | Группа от 6 200 ₽/мес, индивидуально — 2 000 ₽ | Английский, китайский, испанский, немецкий: A1–C2 | Петергоф, Чичеринская, 2 — 5 минут от станции | Игровые занятия и подготовка к ОГЭ и ЕГЭ | Языки, творчество и подготовка к школе | Занятия по Zoom из любой точки мира, записи уроков | Педагоги с профильным образованием и носители языка	https://smartsay.ru/courses | https://smartsay.ru/courses | https://smartsay.ru/courses | https://smartsay.ru/contacts | https://smartsay.ru/courses?category=kids | https://smartsay.ru/preschool | https://smartsay.ru/online-school | https://smartsay.ru/teachers	Первый урок бесплатно | Группы до 6 человек | Лицензия на обучение | Очно в Петергофе и онлайн | Работаем с 2018 года | Уровни A1–C2 | Гибкое расписание | Носители языка | Сертификат по итогам | Записи всех уроков
		hsk спб	Курсы китайского с подготовкой к HSK	Диагностика бесплатно	Первый урок в группе бесплатно. Очно в Петергофе или онлайн.	https://smartsay.ru/courses?language=chinese&utm_source=yandex&utm_medium=cpc&utm_campaign={campaign_name}&utm_content={ad_id}_{gbid}_{device_type}&utm_term={keyword}&yclid={yclid}	hsk			Бесплатный пробный урок | Цены и абонементы | Языки и уровни | Как нас найти | Английский детям | Дошкольный центр 3–6 лет | Онлайн-школа | Преподаватели	Определим уровень и подберём программу | Группа от 6 200 ₽/мес, индивидуально — 2 000 ₽ | Английский, китайский, испанский, немецкий: A1–C2 | Петергоф, Чичеринская, 2 — 5 минут от станции | Игровые занятия и подготовка к ОГЭ и ЕГЭ | Языки, творчество и подготовка к школе | Занятия по Zoom из любой точки мира, записи уроков | Педагоги с профильным образованием и носители языка	https://smartsay.ru/courses | https://smartsay.ru/courses | https://smartsay.ru/courses | https://smartsay.ru/contacts | https://smartsay.ru/courses?category=kids | https://smartsay.ru/preschool | https://smartsay.ru/online-school | https://smartsay.ru/teachers	Первый урок бесплатно | Группы до 6 человек | Лицензия на обучение | Очно в Петергофе и онлайн | Работаем с 2018 года | Уровни A1–C2 | Гибкое расписание | Носители языка | Сертификат по итогам | Записи всех уроков
		hsk 4 подготовка											
		экзамен hsk подготовка											
		китайский подготовка к экзамену											
SS | Поиск | Экзамены | СПб	DELE, Goethe, TestDaF	подготовка к dele	Подготовка к DELE и Goethe-Zertifikat	Диагностика бесплатно	Готовим системно: структура экзамена, критерии, пробные работы.	https://smartsay.ru/courses?utm_source=yandex&utm_medium=cpc&utm_campaign={campaign_name}&utm_content={ad_id}_{gbid}_{device_type}&utm_term={keyword}&yclid={yclid}	dele-goethe	Санкт-Петербург, Ленинградская область		Бесплатный пробный урок | Цены и абонементы | Языки и уровни | Как нас найти | Английский детям | Дошкольный центр 3–6 лет | Онлайн-школа | Преподаватели	Определим уровень и подберём программу | Группа от 6 200 ₽/мес, индивидуально — 2 000 ₽ | Английский, китайский, испанский, немецкий: A1–C2 | Петергоф, Чичеринская, 2 — 5 минут от станции | Игровые занятия и подготовка к ОГЭ и ЕГЭ | Языки, творчество и подготовка к школе | Занятия по Zoom из любой точки мира, записи уроков | Педагоги с профильным образованием и носители языка	https://smartsay.ru/courses | https://smartsay.ru/courses | https://smartsay.ru/courses | https://smartsay.ru/contacts | https://smartsay.ru/courses?category=kids | https://smartsay.ru/preschool | https://smartsay.ru/online-school | https://smartsay.ru/teachers	Первый урок бесплатно | Группы до 6 человек | Лицензия на обучение | Очно в Петергофе и онлайн | Работаем с 2018 года | Уровни A1–C2 | Гибкое расписание | Носители языка | Сертификат по итогам | Записи всех уроков
		курсы dele	Немецкий: подготовка к Goethe и TestDaF	Очно и онлайн	Мини-группы до 6 человек или индивидуально — 2 000 ₽ за занятие.	https://smartsay.ru/courses?utm_source=yandex&utm_medium=cpc&utm_campaign={campaign_name}&utm_content={ad_id}_{gbid}_{device_type}&utm_term={keyword}&yclid={yclid}	dele-goethe			Бесплатный пробный урок | Цены и абонементы | Языки и уровни | Как нас найти | Английский детям | Дошкольный центр 3–6 лет | Онлайн-школа | Преподаватели	Определим уровень и подберём программу | Группа от 6 200 ₽/мес, индивидуально — 2 000 ₽ | Английский, китайский, испанский, немецкий: A1–C2 | Петергоф, Чичеринская, 2 — 5 минут от станции | Игровые занятия и подготовка к ОГЭ и ЕГЭ | Языки, творчество и подготовка к школе | Занятия по Zoom из любой точки мира, записи уроков | Педагоги с профильным образованием и носители языка	https://smartsay.ru/courses | https://smartsay.ru/courses | https://smartsay.ru/courses | https://smartsay.ru/contacts | https://smartsay.ru/courses?category=kids | https://smartsay.ru/preschool | https://smartsay.ru/online-school | https://smartsay.ru/teachers	Первый урок бесплатно | Группы до 6 человек | Лицензия на обучение | Очно в Петергофе и онлайн | Работаем с 2018 года | Уровни A1–C2 | Гибкое расписание | Носители языка | Сертификат по итогам | Записи всех уроков
		подготовка к goethe zertifikat	Испанский: подготовка к DELE	Диагностика бесплатно	Очно в Петергофе или онлайн по Zoom. Первый урок — бесплатно.	https://smartsay.ru/courses?utm_source=yandex&utm_medium=cpc&utm_campaign={campaign_name}&utm_content={ad_id}_{gbid}_{device_type}&utm_term={keyword}&yclid={yclid}	dele-goethe			Бесплатный пробный урок | Цены и абонементы | Языки и уровни | Как нас найти | Английский детям | Дошкольный центр 3–6 лет | Онлайн-школа | Преподаватели	Определим уровень и подберём программу | Группа от 6 200 ₽/мес, индивидуально — 2 000 ₽ | Английский, китайский, испанский, немецкий: A1–C2 | Петергоф, Чичеринская, 2 — 5 минут от станции | Игровые занятия и подготовка к ОГЭ и ЕГЭ | Языки, творчество и подготовка к школе | Занятия по Zoom из любой точки мира, записи уроков | Педагоги с профильным образованием и носители языка	https://smartsay.ru/courses | https://smartsay.ru/courses | https://smartsay.ru/courses | https://smartsay.ru/contacts | https://smartsay.ru/courses?category=kids | https://smartsay.ru/preschool | https://smartsay.ru/online-school | https://smartsay.ru/teachers	Первый урок бесплатно | Группы до 6 человек | Лицензия на обучение | Очно в Петергофе и онлайн | Работаем с 2018 года | Уровни A1–C2 | Гибкое расписание | Носители языка | Сертификат по итогам | Записи всех уроков
		goethe экзамен подготовка											
		подготовка к testdaf											
		экзамен по немецкому подготовка											
		экзамен по испанскому подготовка											
SS | Поиск | Онлайн-школа | РФ	Английский онлайн	английский онлайн	Английский онлайн с преподавателем	Первый урок бесплатно	Живые уроки по Zoom, записи в личном кабинете, домашки с проверкой.	https://smartsay.ru/online-school?utm_source=yandex&utm_medium=cpc&utm_campaign={campaign_name}&utm_content={ad_id}_{gbid}_{device_type}&utm_term={keyword}&yclid={yclid}	angliyskiy-onlayn	Россия	бесплатно, детям, ребенку	Бесплатный пробный урок | Цены и абонементы | Языки и уровни | Как нас найти | Английский детям | Дошкольный центр 3–6 лет | Онлайн-школа | Преподаватели	Определим уровень и подберём программу | Группа от 6 200 ₽/мес, индивидуально — 2 000 ₽ | Английский, китайский, испанский, немецкий: A1–C2 | Петергоф, Чичеринская, 2 — 5 минут от станции | Игровые занятия и подготовка к ОГЭ и ЕГЭ | Языки, творчество и подготовка к школе | Занятия по Zoom из любой точки мира, записи уроков | Педагоги с профильным образованием и носители языка	https://smartsay.ru/courses | https://smartsay.ru/courses | https://smartsay.ru/courses | https://smartsay.ru/contacts | https://smartsay.ru/courses?category=kids | https://smartsay.ru/preschool | https://smartsay.ru/online-school | https://smartsay.ru/teachers	Первый урок бесплатно | Группы до 6 человек | Лицензия на обучение | Очно в Петергофе и онлайн | Работаем с 2018 года | Уровни A1–C2 | Гибкое расписание | Носители языка | Сертификат по итогам | Записи всех уроков
		курсы английского онлайн	Онлайн-курсы английского языка	Записи уроков в кабинете	Абонемент от 6 200 ₽/мес или индивидуально 2 000 ₽ за занятие.	https://smartsay.ru/online-school?utm_source=yandex&utm_medium=cpc&utm_campaign={campaign_name}&utm_content={ad_id}_{gbid}_{device_type}&utm_term={keyword}&yclid={yclid}	angliyskiy-onlayn			Бесплатный пробный урок | Цены и абонементы | Языки и уровни | Как нас найти | Английский детям | Дошкольный центр 3–6 лет | Онлайн-школа | Преподаватели	Определим уровень и подберём программу | Группа от 6 200 ₽/мес, индивидуально — 2 000 ₽ | Английский, китайский, испанский, немецкий: A1–C2 | Петергоф, Чичеринская, 2 — 5 минут от станции | Игровые занятия и подготовка к ОГЭ и ЕГЭ | Языки, творчество и подготовка к школе | Занятия по Zoom из любой точки мира, записи уроков | Педагоги с профильным образованием и носители языка	https://smartsay.ru/courses | https://smartsay.ru/courses | https://smartsay.ru/courses | https://smartsay.ru/contacts | https://smartsay.ru/courses?category=kids | https://smartsay.ru/preschool | https://smartsay.ru/online-school | https://smartsay.ru/teachers	Первый урок бесплатно | Группы до 6 человек | Лицензия на обучение | Очно в Петергофе и онлайн | Работаем с 2018 года | Уровни A1–C2 | Гибкое расписание | Носители языка | Сертификат по итогам | Записи всех уроков
		онлайн школа английского языка	Английский по Zoom: записи всех уроков	Первый урок бесплатно	Гибкое расписание: занимайтесь из любой точки мира. Пробный — 0 ₽.	https://smartsay.ru/online-school?utm_source=yandex&utm_medium=cpc&utm_campaign={campaign_name}&utm_content={ad_id}_{gbid}_{device_type}&utm_term={keyword}&yclid={yclid}	angliyskiy-onlayn			Бесплатный пробный урок | Цены и абонементы | Языки и уровни | Как нас найти | Английский детям | Дошкольный центр 3–6 лет | Онлайн-школа | Преподаватели	Определим уровень и подберём программу | Группа от 6 200 ₽/мес, индивидуально — 2 000 ₽ | Английский, китайский, испанский, немецкий: A1–C2 | Петергоф, Чичеринская, 2 — 5 минут от станции | Игровые занятия и подготовка к ОГЭ и ЕГЭ | Языки, творчество и подготовка к школе | Занятия по Zoom из любой точки мира, записи уроков | Педагоги с профильным образованием и носители языка	https://smartsay.ru/courses | https://smartsay.ru/courses | https://smartsay.ru/courses | https://smartsay.ru/contacts | https://smartsay.ru/courses?category=kids | https://smartsay.ru/preschool | https://smartsay.ru/online-school | https://smartsay.ru/teachers	Первый урок бесплатно | Группы до 6 человек | Лицензия на обучение | Очно в Петергофе и онлайн | Работаем с 2018 года | Уровни A1–C2 | Гибкое расписание | Носители языка | Сертификат по итогам | Записи всех уроков
		изучение английского онлайн											
		английский онлайн с преподавателем											
		разговорный английский онлайн											
		английский по zoom											
		индивидуальные занятия английским онлайн											
		английский онлайн с нуля											
SS | Поиск | Онлайн-школа | РФ	Китайский онлайн	китайский онлайн	Китайский онлайн с преподавателем	Первый урок бесплатно	Живые уроки по Zoom, записи в кабинете, домашние задания с проверкой.	https://smartsay.ru/online-school?utm_source=yandex&utm_medium=cpc&utm_campaign={campaign_name}&utm_content={ad_id}_{gbid}_{device_type}&utm_term={keyword}&yclid={yclid}	kitayskiy-onlayn	Россия	бесплатно	Бесплатный пробный урок | Цены и абонементы | Языки и уровни | Как нас найти | Английский детям | Дошкольный центр 3–6 лет | Онлайн-школа | Преподаватели	Определим уровень и подберём программу | Группа от 6 200 ₽/мес, индивидуально — 2 000 ₽ | Английский, китайский, испанский, немецкий: A1–C2 | Петергоф, Чичеринская, 2 — 5 минут от станции | Игровые занятия и подготовка к ОГЭ и ЕГЭ | Языки, творчество и подготовка к школе | Занятия по Zoom из любой точки мира, записи уроков | Педагоги с профильным образованием и носители языка	https://smartsay.ru/courses | https://smartsay.ru/courses | https://smartsay.ru/courses | https://smartsay.ru/contacts | https://smartsay.ru/courses?category=kids | https://smartsay.ru/preschool | https://smartsay.ru/online-school | https://smartsay.ru/teachers	Первый урок бесплатно | Группы до 6 человек | Лицензия на обучение | Очно в Петергофе и онлайн | Работаем с 2018 года | Уровни A1–C2 | Гибкое расписание | Носители языка | Сертификат по итогам | Записи всех уроков
		курсы китайского онлайн	Онлайн-курсы китайского языка	Записи уроков в кабинете	Разберём иероглифы и поставим тоны даже при старте с нуля.	https://smartsay.ru/online-school?utm_source=yandex&utm_medium=cpc&utm_campaign={campaign_name}&utm_content={ad_id}_{gbid}_{device_type}&utm_term={keyword}&yclid={yclid}	kitayskiy-onlayn			Бесплатный пробный урок | Цены и абонементы | Языки и уровни | Как нас найти | Английский детям | Дошкольный центр 3–6 лет | Онлайн-школа | Преподаватели	Определим уровень и подберём программу | Группа от 6 200 ₽/мес, индивидуально — 2 000 ₽ | Английский, китайский, испанский, немецкий: A1–C2 | Петергоф, Чичеринская, 2 — 5 минут от станции | Игровые занятия и подготовка к ОГЭ и ЕГЭ | Языки, творчество и подготовка к школе | Занятия по Zoom из любой точки мира, записи уроков | Педагоги с профильным образованием и носители языка	https://smartsay.ru/courses | https://smartsay.ru/courses | https://smartsay.ru/courses | https://smartsay.ru/contacts | https://smartsay.ru/courses?category=kids | https://smartsay.ru/preschool | https://smartsay.ru/online-school | https://smartsay.ru/teachers	Первый урок бесплатно | Группы до 6 человек | Лицензия на обучение | Очно в Петергофе и онлайн | Работаем с 2018 года | Уровни A1–C2 | Гибкое расписание | Носители языка | Сертификат по итогам | Записи всех уроков
		китайский язык онлайн с преподавателем	Китайский по Zoom: тоны и иероглифы	Первый урок бесплатно	Абонемент от 6 200 ₽/мес или индивидуально 2 000 ₽ за занятие.	https://smartsay.ru/online-school?utm_source=yandex&utm_medium=cpc&utm_campaign={campaign_name}&utm_content={ad_id}_{gbid}_{device_type}&utm_term={keyword}&yclid={yclid}	kitayskiy-onlayn			Бесплатный пробный урок | Цены и абонементы | Языки и уровни | Как нас найти | Английский детям | Дошкольный центр 3–6 лет | Онлайн-школа | Преподаватели	Определим уровень и подберём программу | Группа от 6 200 ₽/мес, индивидуально — 2 000 ₽ | Английский, китайский, испанский, немецкий: A1–C2 | Петергоф, Чичеринская, 2 — 5 минут от станции | Игровые занятия и подготовка к ОГЭ и ЕГЭ | Языки, творчество и подготовка к школе | Занятия по Zoom из любой точки мира, записи уроков | Педагоги с профильным образованием и носители языка	https://smartsay.ru/courses | https://smartsay.ru/courses | https://smartsay.ru/courses | https://smartsay.ru/contacts | https://smartsay.ru/courses?category=kids | https://smartsay.ru/preschool | https://smartsay.ru/online-school | https://smartsay.ru/teachers	Первый урок бесплатно | Группы до 6 человек | Лицензия на обучение | Очно в Петергофе и онлайн | Работаем с 2018 года | Уровни A1–C2 | Гибкое расписание | Носители языка | Сертификат по итогам | Записи всех уроков
		изучение китайского онлайн											
		китайский онлайн с нуля											
SS | Поиск | Онлайн-школа | РФ	Немецкий и испанский онлайн	немецкий онлайн	Немецкий и испанский онлайн	Первый урок бесплатно	Живые уроки по Zoom, записи в кабинете, домашки с проверкой.	https://smartsay.ru/online-school?utm_source=yandex&utm_medium=cpc&utm_campaign={campaign_name}&utm_content={ad_id}_{gbid}_{device_type}&utm_term={keyword}&yclid={yclid}	nemeckiy-onlayn	Россия	бесплатно	Бесплатный пробный урок | Цены и абонементы | Языки и уровни | Как нас найти | Английский детям | Дошкольный центр 3–6 лет | Онлайн-школа | Преподаватели	Определим уровень и подберём программу | Группа от 6 200 ₽/мес, индивидуально — 2 000 ₽ | Английский, китайский, испанский, немецкий: A1–C2 | Петергоф, Чичеринская, 2 — 5 минут от станции | Игровые занятия и подготовка к ОГЭ и ЕГЭ | Языки, творчество и подготовка к школе | Занятия по Zoom из любой точки мира, записи уроков | Педагоги с профильным образованием и носители языка	https://smartsay.ru/courses | https://smartsay.ru/courses | https://smartsay.ru/courses | https://smartsay.ru/contacts | https://smartsay.ru/courses?category=kids | https://smartsay.ru/preschool | https://smartsay.ru/online-school | https://smartsay.ru/teachers	Первый урок бесплатно | Группы до 6 человек | Лицензия на обучение | Очно в Петергофе и онлайн | Работаем с 2018 года | Уровни A1–C2 | Гибкое расписание | Носители языка | Сертификат по итогам | Записи всех уроков
		курсы немецкого онлайн	Онлайн-курсы немецкого языка	Гибкое расписание	Готовим к Goethe-Zertifikat и DELE. Уровни от A1 до C2.	https://smartsay.ru/online-school?utm_source=yandex&utm_medium=cpc&utm_campaign={campaign_name}&utm_content={ad_id}_{gbid}_{device_type}&utm_term={keyword}&yclid={yclid}	nemeckiy-onlayn			Бесплатный пробный урок | Цены и абонементы | Языки и уровни | Как нас найти | Английский детям | Дошкольный центр 3–6 лет | Онлайн-школа | Преподаватели	Определим уровень и подберём программу | Группа от 6 200 ₽/мес, индивидуально — 2 000 ₽ | Английский, китайский, испанский, немецкий: A1–C2 | Петергоф, Чичеринская, 2 — 5 минут от станции | Игровые занятия и подготовка к ОГЭ и ЕГЭ | Языки, творчество и подготовка к школе | Занятия по Zoom из любой точки мира, записи уроков | Педагоги с профильным образованием и носители языка	https://smartsay.ru/courses | https://smartsay.ru/courses | https://smartsay.ru/courses | https://smartsay.ru/contacts | https://smartsay.ru/courses?category=kids | https://smartsay.ru/preschool | https://smartsay.ru/online-school | https://smartsay.ru/teachers	Первый урок бесплатно | Группы до 6 человек | Лицензия на обучение | Очно в Петергофе и онлайн | Работаем с 2018 года | Уровни A1–C2 | Гибкое расписание | Носители языка | Сертификат по итогам | Записи всех уроков
		немецкий язык онлайн с преподавателем	Онлайн-курсы испанского языка	Первый урок бесплатно	Абонемент от 6 200 ₽/мес или индивидуально 2 000 ₽ за занятие.	https://smartsay.ru/online-school?utm_source=yandex&utm_medium=cpc&utm_campaign={campaign_name}&utm_content={ad_id}_{gbid}_{device_type}&utm_term={keyword}&yclid={yclid}	nemeckiy-onlayn			Бесплатный пробный урок | Цены и абонементы | Языки и уровни | Как нас найти | Английский детям | Дошкольный центр 3–6 лет | Онлайн-школа | Преподаватели	Определим уровень и подберём программу | Группа от 6 200 ₽/мес, индивидуально — 2 000 ₽ | Английский, китайский, испанский, немецкий: A1–C2 | Петергоф, Чичеринская, 2 — 5 минут от станции | Игровые занятия и подготовка к ОГЭ и ЕГЭ | Языки, творчество и подготовка к школе | Занятия по Zoom из любой точки мира, записи уроков | Педагоги с профильным образованием и носители языка	https://smartsay.ru/courses | https://smartsay.ru/courses | https://smartsay.ru/courses | https://smartsay.ru/contacts | https://smartsay.ru/courses?category=kids | https://smartsay.ru/preschool | https://smartsay.ru/online-school | https://smartsay.ru/teachers	Первый урок бесплатно | Группы до 6 человек | Лицензия на обучение | Очно в Петергофе и онлайн | Работаем с 2018 года | Уровни A1–C2 | Гибкое расписание | Носители языка | Сертификат по итогам | Записи всех уроков
		испанский онлайн											
		курсы испанского онлайн											
		испанский язык онлайн с преподавателем											
SS | Поиск | Онлайн-школа | РФ	Онлайн-школа | общий спрос	онлайн школа иностранных языков	Онлайн-школа иностранных языков	Первый урок бесплатно	4 языка, уровни A1–C2, живые уроки по Zoom и записи в кабинете.	https://smartsay.ru/online-school?utm_source=yandex&utm_medium=cpc&utm_campaign={campaign_name}&utm_content={ad_id}_{gbid}_{device_type}&utm_term={keyword}&yclid={yclid}	onlayn-shkola	Россия	бесплатно	Бесплатный пробный урок | Цены и абонементы | Языки и уровни | Как нас найти | Английский детям | Дошкольный центр 3–6 лет | Онлайн-школа | Преподаватели	Определим уровень и подберём программу | Группа от 6 200 ₽/мес, индивидуально — 2 000 ₽ | Английский, китайский, испанский, немецкий: A1–C2 | Петергоф, Чичеринская, 2 — 5 минут от станции | Игровые занятия и подготовка к ОГЭ и ЕГЭ | Языки, творчество и подготовка к школе | Занятия по Zoom из любой точки мира, записи уроков | Педагоги с профильным образованием и носители языка	https://smartsay.ru/courses | https://smartsay.ru/courses | https://smartsay.ru/courses | https://smartsay.ru/contacts | https://smartsay.ru/courses?category=kids | https://smartsay.ru/preschool | https://smartsay.ru/online-school | https://smartsay.ru/teachers	Первый урок бесплатно | Группы до 6 человек | Лицензия на обучение | Очно в Петергофе и онлайн | Работаем с 2018 года | Уровни A1–C2 | Гибкое расписание | Носители языка | Сертификат по итогам | Записи всех уроков
		онлайн курсы иностранных языков	Языки онлайн: английский, китайский, немецкий	Записи уроков в кабинете	Гибкое расписание: утро, день или вечер по вашему часовому поясу.	https://smartsay.ru/online-school?utm_source=yandex&utm_medium=cpc&utm_campaign={campaign_name}&utm_content={ad_id}_{gbid}_{device_type}&utm_term={keyword}&yclid={yclid}	onlayn-shkola			Бесплатный пробный урок | Цены и абонементы | Языки и уровни | Как нас найти | Английский детям | Дошкольный центр 3–6 лет | Онлайн-школа | Преподаватели	Определим уровень и подберём программу | Группа от 6 200 ₽/мес, индивидуально — 2 000 ₽ | Английский, китайский, испанский, немецкий: A1–C2 | Петергоф, Чичеринская, 2 — 5 минут от станции | Игровые занятия и подготовка к ОГЭ и ЕГЭ | Языки, творчество и подготовка к школе | Занятия по Zoom из любой точки мира, записи уроков | Педагоги с профильным образованием и носители языка	https://smartsay.ru/courses | https://smartsay.ru/courses | https://smartsay.ru/courses | https://smartsay.ru/contacts | https://smartsay.ru/courses?category=kids | https://smartsay.ru/preschool | https://smartsay.ru/online-school | https://smartsay.ru/teachers	Первый урок бесплатно | Группы до 6 человек | Лицензия на обучение | Очно в Петергофе и онлайн | Работаем с 2018 года | Уровни A1–C2 | Гибкое расписание | Носители языка | Сертификат по итогам | Записи всех уроков
		изучение языков онлайн	Онлайн-курсы языков с преподавателем	Первый урок бесплатно	Абонемент от 6 200 ₽/мес. Первый урок в группе — бесплатно.	https://smartsay.ru/online-school?utm_source=yandex&utm_medium=cpc&utm_campaign={campaign_name}&utm_content={ad_id}_{gbid}_{device_type}&utm_term={keyword}&yclid={yclid}	onlayn-shkola			Бесплатный пробный урок | Цены и абонементы | Языки и уровни | Как нас найти | Английский детям | Дошкольный центр 3–6 лет | Онлайн-школа | Преподаватели	Определим уровень и подберём программу | Группа от 6 200 ₽/мес, индивидуально — 2 000 ₽ | Английский, китайский, испанский, немецкий: A1–C2 | Петергоф, Чичеринская, 2 — 5 минут от станции | Игровые занятия и подготовка к ОГЭ и ЕГЭ | Языки, творчество и подготовка к школе | Занятия по Zoom из любой точки мира, записи уроков | Педагоги с профильным образованием и носители языка	https://smartsay.ru/courses | https://smartsay.ru/courses | https://smartsay.ru/courses | https://smartsay.ru/contacts | https://smartsay.ru/courses?category=kids | https://smartsay.ru/preschool | https://smartsay.ru/online-school | https://smartsay.ru/teachers	Первый урок бесплатно | Группы до 6 человек | Лицензия на обучение | Очно в Петергофе и онлайн | Работаем с 2018 года | Уровни A1–C2 | Гибкое расписание | Носители языка | Сертификат по итогам | Записи всех уроков
		онлайн языковая школа											
		языковые курсы онлайн											
		учить язык онлайн с преподавателем											
SS | РСЯ | Очно | Петергоф и ЮЗ СПб	РСЯ | языковая школа Петергоф	курсы английского языка	Языковая школа в Петергофе	Первый урок бесплатно	Английский, китайский, испанский, немецкий. Уровни A1–C2, группы до 6.	https://smartsay.ru/courses?utm_source=yandex&utm_medium=cpc&utm_campaign={campaign_name}&utm_content={ad_id}_{gbid}_{device_type}&utm_term={keyword}&yclid={yclid}	yazykovaya-shkola	Петергоф, Ломоносов, Стрельна, Красное Село, Санкт-Петербург		Бесплатный пробный урок | Цены и абонементы | Языки и уровни | Как нас найти | Английский детям | Дошкольный центр 3–6 лет | Онлайн-школа | Преподаватели	Определим уровень и подберём программу | Группа от 6 200 ₽/мес, индивидуально — 2 000 ₽ | Английский, китайский, испанский, немецкий: A1–C2 | Петергоф, Чичеринская, 2 — 5 минут от станции | Игровые занятия и подготовка к ОГЭ и ЕГЭ | Языки, творчество и подготовка к школе | Занятия по Zoom из любой точки мира, записи уроков | Педагоги с профильным образованием и носители языка	https://smartsay.ru/courses | https://smartsay.ru/courses | https://smartsay.ru/courses | https://smartsay.ru/contacts | https://smartsay.ru/courses?category=kids | https://smartsay.ru/preschool | https://smartsay.ru/online-school | https://smartsay.ru/teachers	Первый урок бесплатно | Группы до 6 человек | Лицензия на обучение | Очно в Петергофе и онлайн | Работаем с 2018 года | Уровни A1–C2 | Гибкое расписание | Носители языка | Сертификат по итогам | Записи всех уроков
		языковая школа	Английский рядом с домом: первый урок 0 ₽	Петергоф, Чичеринская 2	Работаем с 2018 года. Абонемент от 6 200 ₽/мес. Пробный урок — 0 ₽.	https://smartsay.ru/courses?utm_source=yandex&utm_medium=cpc&utm_campaign={campaign_name}&utm_content={ad_id}_{gbid}_{device_type}&utm_term={keyword}&yclid={yclid}	yazykovaya-shkola			Бесплатный пробный урок | Цены и абонементы | Языки и уровни | Как нас найти | Английский детям | Дошкольный центр 3–6 лет | Онлайн-школа | Преподаватели	Определим уровень и подберём программу | Группа от 6 200 ₽/мес, индивидуально — 2 000 ₽ | Английский, китайский, испанский, немецкий: A1–C2 | Петергоф, Чичеринская, 2 — 5 минут от станции | Игровые занятия и подготовка к ОГЭ и ЕГЭ | Языки, творчество и подготовка к школе | Занятия по Zoom из любой точки мира, записи уроков | Педагоги с профильным образованием и носители языка	https://smartsay.ru/courses | https://smartsay.ru/courses | https://smartsay.ru/courses | https://smartsay.ru/contacts | https://smartsay.ru/courses?category=kids | https://smartsay.ru/preschool | https://smartsay.ru/online-school | https://smartsay.ru/teachers	Первый урок бесплатно | Группы до 6 человек | Лицензия на обучение | Очно в Петергофе и онлайн | Работаем с 2018 года | Уровни A1–C2 | Гибкое расписание | Носители языка | Сертификат по итогам | Записи всех уроков
		английский для детей	Курсы языков для взрослых и детей	Первый урок бесплатно	5 минут от станции Новый Петергоф. Запишитесь на пробный урок.	https://smartsay.ru/courses?utm_source=yandex&utm_medium=cpc&utm_campaign={campaign_name}&utm_content={ad_id}_{gbid}_{device_type}&utm_term={keyword}&yclid={yclid}	yazykovaya-shkola			Бесплатный пробный урок | Цены и абонементы | Языки и уровни | Как нас найти | Английский детям | Дошкольный центр 3–6 лет | Онлайн-школа | Преподаватели	Определим уровень и подберём программу | Группа от 6 200 ₽/мес, индивидуально — 2 000 ₽ | Английский, китайский, испанский, немецкий: A1–C2 | Петергоф, Чичеринская, 2 — 5 минут от станции | Игровые занятия и подготовка к ОГЭ и ЕГЭ | Языки, творчество и подготовка к школе | Занятия по Zoom из любой точки мира, записи уроков | Педагоги с профильным образованием и носители языка	https://smartsay.ru/courses | https://smartsay.ru/courses | https://smartsay.ru/courses | https://smartsay.ru/contacts | https://smartsay.ru/courses?category=kids | https://smartsay.ru/preschool | https://smartsay.ru/online-school | https://smartsay.ru/teachers	Первый урок бесплатно | Группы до 6 человек | Лицензия на обучение | Очно в Петергофе и онлайн | Работаем с 2018 года | Уровни A1–C2 | Гибкое расписание | Носители языка | Сертификат по итогам | Записи всех уроков
		курсы иностранных языков											
		детский развивающий центр											
SS | РСЯ | Онлайн | РФ	РСЯ | онлайн-школа языков	английский онлайн	Языки онлайн с преподавателем	Первый урок бесплатно	Живые уроки по Zoom, записи в кабинете, домашки с проверкой.	https://smartsay.ru/online-school?utm_source=yandex&utm_medium=cpc&utm_campaign={campaign_name}&utm_content={ad_id}_{gbid}_{device_type}&utm_term={keyword}&yclid={yclid}	onlayn-shkola	Россия		Бесплатный пробный урок | Цены и абонементы | Языки и уровни | Как нас найти | Английский детям | Дошкольный центр 3–6 лет | Онлайн-школа | Преподаватели	Определим уровень и подберём программу | Группа от 6 200 ₽/мес, индивидуально — 2 000 ₽ | Английский, китайский, испанский, немецкий: A1–C2 | Петергоф, Чичеринская, 2 — 5 минут от станции | Игровые занятия и подготовка к ОГЭ и ЕГЭ | Языки, творчество и подготовка к школе | Занятия по Zoom из любой точки мира, записи уроков | Педагоги с профильным образованием и носители языка	https://smartsay.ru/courses | https://smartsay.ru/courses | https://smartsay.ru/courses | https://smartsay.ru/contacts | https://smartsay.ru/courses?category=kids | https://smartsay.ru/preschool | https://smartsay.ru/online-school | https://smartsay.ru/teachers	Первый урок бесплатно | Группы до 6 человек | Лицензия на обучение | Очно в Петергофе и онлайн | Работаем с 2018 года | Уровни A1–C2 | Гибкое расписание | Носители языка | Сертификат по итогам | Записи всех уроков
		курсы английского онлайн	Английский онлайн: первый урок бесплатно	Гибкое расписание	Английский, китайский, испанский, немецкий. Уровни A1–C2.	https://smartsay.ru/online-school?utm_source=yandex&utm_medium=cpc&utm_campaign={campaign_name}&utm_content={ad_id}_{gbid}_{device_type}&utm_term={keyword}&yclid={yclid}	onlayn-shkola			Бесплатный пробный урок | Цены и абонементы | Языки и уровни | Как нас найти | Английский детям | Дошкольный центр 3–6 лет | Онлайн-школа | Преподаватели	Определим уровень и подберём программу | Группа от 6 200 ₽/мес, индивидуально — 2 000 ₽ | Английский, китайский, испанский, немецкий: A1–C2 | Петергоф, Чичеринская, 2 — 5 минут от станции | Игровые занятия и подготовка к ОГЭ и ЕГЭ | Языки, творчество и подготовка к школе | Занятия по Zoom из любой точки мира, записи уроков | Педагоги с профильным образованием и носители языка	https://smartsay.ru/courses | https://smartsay.ru/courses | https://smartsay.ru/courses | https://smartsay.ru/contacts | https://smartsay.ru/courses?category=kids | https://smartsay.ru/preschool | https://smartsay.ru/online-school | https://smartsay.ru/teachers	Первый урок бесплатно | Группы до 6 человек | Лицензия на обучение | Очно в Петергофе и онлайн | Работаем с 2018 года | Уровни A1–C2 | Гибкое расписание | Носители языка | Сертификат по итогам | Записи всех уроков
		изучение языков онлайн	Онлайн-школа языков SmartSay	Первый урок бесплатно	Абонемент от 6 200 ₽/мес или индивидуально 2 000 ₽ за занятие.	https://smartsay.ru/online-school?utm_source=yandex&utm_medium=cpc&utm_campaign={campaign_name}&utm_content={ad_id}_{gbid}_{device_type}&utm_term={keyword}&yclid={yclid}	onlayn-shkola			Бесплатный пробный урок | Цены и абонементы | Языки и уровни | Как нас найти | Английский детям | Дошкольный центр 3–6 лет | Онлайн-школа | Преподаватели	Определим уровень и подберём программу | Группа от 6 200 ₽/мес, индивидуально — 2 000 ₽ | Английский, китайский, испанский, немецкий: A1–C2 | Петергоф, Чичеринская, 2 — 5 минут от станции | Игровые занятия и подготовка к ОГЭ и ЕГЭ | Языки, творчество и подготовка к школе | Занятия по Zoom из любой точки мира, записи уроков | Педагоги с профильным образованием и носители языка	https://smartsay.ru/courses | https://smartsay.ru/courses | https://smartsay.ru/courses | https://smartsay.ru/contacts | https://smartsay.ru/courses?category=kids | https://smartsay.ru/preschool | https://smartsay.ru/online-school | https://smartsay.ru/teachers	Первый урок бесплатно | Группы до 6 человек | Лицензия на обучение | Очно в Петергофе и онлайн | Работаем с 2018 года | Уровни A1–C2 | Гибкое расписание | Носители языка | Сертификат по итогам | Записи всех уроков
		китайский онлайн											
SS | Поиск | Корпоративное обучение | СПб	Корпоративное обучение языкам	корпоративное обучение английскому	Корпоративное обучение языкам в СПб	Расчёт за 1 день	Программа под задачи компании: переговоры, переписка, презентации.	https://smartsay.ru/courses?category=corporate&utm_source=yandex&utm_medium=cpc&utm_campaign={campaign_name}&utm_content={ad_id}_{gbid}_{device_type}&utm_term={keyword}&yclid={yclid}	korporativnoe	Санкт-Петербург, Ленинградская область		Бесплатный пробный урок | Цены и абонементы | Языки и уровни | Как нас найти | Английский детям | Дошкольный центр 3–6 лет | Онлайн-школа | Преподаватели	Определим уровень и подберём программу | Группа от 6 200 ₽/мес, индивидуально — 2 000 ₽ | Английский, китайский, испанский, немецкий: A1–C2 | Петергоф, Чичеринская, 2 — 5 минут от станции | Игровые занятия и подготовка к ОГЭ и ЕГЭ | Языки, творчество и подготовка к школе | Занятия по Zoom из любой точки мира, записи уроков | Педагоги с профильным образованием и носители языка	https://smartsay.ru/courses | https://smartsay.ru/courses | https://smartsay.ru/courses | https://smartsay.ru/contacts | https://smartsay.ru/courses?category=kids | https://smartsay.ru/preschool | https://smartsay.ru/online-school | https://smartsay.ru/teachers	Первый урок бесплатно | Группы до 6 человек | Лицензия на обучение | Очно в Петергофе и онлайн | Работаем с 2018 года | Уровни A1–C2 | Гибкое расписание | Носители языка | Сертификат по итогам | Записи всех уроков
		корпоративный английский	Английский для сотрудников компании	Договор и закрывающие	Очно у вас в офисе, у нас в Петергофе или онлайн. Отчёты по прогрессу.	https://smartsay.ru/courses?category=corporate&utm_source=yandex&utm_medium=cpc&utm_campaign={campaign_name}&utm_content={ad_id}_{gbid}_{device_type}&utm_term={keyword}&yclid={yclid}	korporativnoe			Бесплатный пробный урок | Цены и абонементы | Языки и уровни | Как нас найти | Английский детям | Дошкольный центр 3–6 лет | Онлайн-школа | Преподаватели	Определим уровень и подберём программу | Группа от 6 200 ₽/мес, индивидуально — 2 000 ₽ | Английский, китайский, испанский, немецкий: A1–C2 | Петергоф, Чичеринская, 2 — 5 минут от станции | Игровые занятия и подготовка к ОГЭ и ЕГЭ | Языки, творчество и подготовка к школе | Занятия по Zoom из любой точки мира, записи уроков | Педагоги с профильным образованием и носители языка	https://smartsay.ru/courses | https://smartsay.ru/courses | https://smartsay.ru/courses | https://smartsay.ru/contacts | https://smartsay.ru/courses?category=kids | https://smartsay.ru/preschool | https://smartsay.ru/online-school | https://smartsay.ru/teachers	Первый урок бесплатно | Группы до 6 человек | Лицензия на обучение | Очно в Петергофе и онлайн | Работаем с 2018 года | Уровни A1–C2 | Гибкое расписание | Носители языка | Сертификат по итогам | Записи всех уроков
		английский для сотрудников	Бизнес-английский для команды	Расчёт за 1 день	Работаем по договору с закрывающими документами. Запросите расчёт.	https://smartsay.ru/courses?category=corporate&utm_source=yandex&utm_medium=cpc&utm_campaign={campaign_name}&utm_content={ad_id}_{gbid}_{device_type}&utm_term={keyword}&yclid={yclid}	korporativnoe			Бесплатный пробный урок | Цены и абонементы | Языки и уровни | Как нас найти | Английский детям | Дошкольный центр 3–6 лет | Онлайн-школа | Преподаватели	Определим уровень и подберём программу | Группа от 6 200 ₽/мес, индивидуально — 2 000 ₽ | Английский, китайский, испанский, немецкий: A1–C2 | Петергоф, Чичеринская, 2 — 5 минут от станции | Игровые занятия и подготовка к ОГЭ и ЕГЭ | Языки, творчество и подготовка к школе | Занятия по Zoom из любой точки мира, записи уроков | Педагоги с профильным образованием и носители языка	https://smartsay.ru/courses | https://smartsay.ru/courses | https://smartsay.ru/courses | https://smartsay.ru/contacts | https://smartsay.ru/courses?category=kids | https://smartsay.ru/preschool | https://smartsay.ru/online-school | https://smartsay.ru/teachers	Первый урок бесплатно | Группы до 6 человек | Лицензия на обучение | Очно в Петергофе и онлайн | Работаем с 2018 года | Уровни A1–C2 | Гибкое расписание | Носители языка | Сертификат по итогам | Записи всех уроков
		английский для компании											
		бизнес английский курсы											
		деловой английский курсы											
		корпоративное обучение иностранным языкам											
		английский для персонала											
SS | Поиск | Языковой лагерь и каникулы | СЗФО	Языковой лагерь и городской клуб	языковой лагерь	Языковой лагерь для детей от SmartSay	Места ограничены	Проживание, 5-разовое питание, занятия, активности и трансфер включены.	https://smartsay.ru/camp?utm_source=yandex&utm_medium=cpc&utm_campaign={campaign_name}&utm_content={ad_id}_{gbid}_{device_type}&utm_term={keyword}&yclid={yclid}	yazykovoy-lager	Санкт-Петербург, Ленинградская область		Бесплатный пробный урок | Цены и абонементы | Языки и уровни | Как нас найти | Английский детям | Дошкольный центр 3–6 лет | Онлайн-школа | Преподаватели	Определим уровень и подберём программу | Группа от 6 200 ₽/мес, индивидуально — 2 000 ₽ | Английский, китайский, испанский, немецкий: A1–C2 | Петергоф, Чичеринская, 2 — 5 минут от станции | Игровые занятия и подготовка к ОГЭ и ЕГЭ | Языки, творчество и подготовка к школе | Занятия по Zoom из любой точки мира, записи уроков | Педагоги с профильным образованием и носители языка	https://smartsay.ru/courses | https://smartsay.ru/courses | https://smartsay.ru/courses | https://smartsay.ru/contacts | https://smartsay.ru/courses?category=kids | https://smartsay.ru/preschool | https://smartsay.ru/online-school | https://smartsay.ru/teachers	Первый урок бесплатно | Группы до 6 человек | Лицензия на обучение | Очно в Петергофе и онлайн | Работаем с 2018 года | Уровни A1–C2 | Гибкое расписание | Носители языка | Сертификат по итогам | Записи всех уроков
		детский языковой лагерь	Smart лето: языковые каникулы	От 120 000 ₽ за смену	1 вожатый на 5–6 детей, видеонаблюдение, ежедневные фотоотчёты.	https://smartsay.ru/camp?utm_source=yandex&utm_medium=cpc&utm_campaign={campaign_name}&utm_content={ad_id}_{gbid}_{device_type}&utm_term={keyword}&yclid={yclid}	yazykovoy-lager			Бесплатный пробный урок | Цены и абонементы | Языки и уровни | Как нас найти | Английский детям | Дошкольный центр 3–6 лет | Онлайн-школа | Преподаватели	Определим уровень и подберём программу | Группа от 6 200 ₽/мес, индивидуально — 2 000 ₽ | Английский, китайский, испанский, немецкий: A1–C2 | Петергоф, Чичеринская, 2 — 5 минут от станции | Игровые занятия и подготовка к ОГЭ и ЕГЭ | Языки, творчество и подготовка к школе | Занятия по Zoom из любой точки мира, записи уроков | Педагоги с профильным образованием и носители языка	https://smartsay.ru/courses | https://smartsay.ru/courses | https://smartsay.ru/courses | https://smartsay.ru/contacts | https://smartsay.ru/courses?category=kids | https://smartsay.ru/preschool | https://smartsay.ru/online-school | https://smartsay.ru/teachers	Первый урок бесплатно | Группы до 6 человек | Лицензия на обучение | Очно в Петергофе и онлайн | Работаем с 2018 года | Уровни A1–C2 | Гибкое расписание | Носители языка | Сертификат по итогам | Записи всех уроков
		языковой лагерь спб	Детский лагерь с погружением в язык	Места ограничены	Смены по 2 недели. Забронируйте место — количество ограничено.	https://smartsay.ru/camp?utm_source=yandex&utm_medium=cpc&utm_campaign={campaign_name}&utm_content={ad_id}_{gbid}_{device_type}&utm_term={keyword}&yclid={yclid}	yazykovoy-lager			Бесплатный пробный урок | Цены и абонементы | Языки и уровни | Как нас найти | Английский детям | Дошкольный центр 3–6 лет | Онлайн-школа | Преподаватели	Определим уровень и подберём программу | Группа от 6 200 ₽/мес, индивидуально — 2 000 ₽ | Английский, китайский, испанский, немецкий: A1–C2 | Петергоф, Чичеринская, 2 — 5 минут от станции | Игровые занятия и подготовка к ОГЭ и ЕГЭ | Языки, творчество и подготовка к школе | Занятия по Zoom из любой точки мира, записи уроков | Педагоги с профильным образованием и носители языка	https://smartsay.ru/courses | https://smartsay.ru/courses | https://smartsay.ru/courses | https://smartsay.ru/contacts | https://smartsay.ru/courses?category=kids | https://smartsay.ru/preschool | https://smartsay.ru/online-school | https://smartsay.ru/teachers	Первый урок бесплатно | Группы до 6 человек | Лицензия на обучение | Очно в Петергофе и онлайн | Работаем с 2018 года | Уровни A1–C2 | Гибкое расписание | Носители языка | Сертификат по итогам | Записи всех уроков
		английский лагерь для детей											
		летний лагерь с английским											
		языковые каникулы для детей											
		городской лагерь спб											
		городской лагерь петергоф											
		детский лагерь на каникулы
